<?xml version="1.0" encoding="utf-8"?>
<gpx creator="Garmin Explore App" version="1.1" xmlns:adv="http://www.garmin.com/xmlschemas/AdventuresExtensions/v1" xmlns:gpxtpx="http://www.garmin.com/xmlschemas/TrackPointExtension/v1" xmlns:gpxtrx="http://www.garmin.com/xmlschemas/GpxExtensions/v3" xmlns:gpxx="http://www.garmin.com/xmlschemas/GpxExtensions/v3" xmlns:trp="http://www.garmin.com/xmlschemas/TripExtensions/v1" xmlns:wptx1="http://www.garmin.com/xmlschemas/WaypointExtension/v1" xmlns:xsi="http://www.w3.org/2001/XMLSchema-instance" xmlns="http://www.topografix.com/GPX/1/1" xsi:schemaLocation="http://www.topografix.com/GPX/1/1 http://www.topografix.com/GPX/1/1/gpx.xsd http://www.garmin.com/xmlschemas/WaypointExtension/v1 http://www8.garmin.com/xmlschemas/WaypointExtensionv1.xsd http://www.garmin.com/xmlschemas/TrackPointExtension/v1 http://www.garmin.com/xmlschemas/TrackPointExtensionv1.xsd http://www.garmin.com/xmlschemas/GpxExtensions/v3 http://www8.garmin.com/xmlschemas/GpxExtensionsv3.xsd http://www.garmin.com/xmlschemas/ActivityExtension/v1 http://www8.garmin.com/xmlschemas/ActivityExtensionv1.xsd http://www.garmin.com/xmlschemas/AdventuresExtensions/v1 http://www8.garmin.com/xmlschemas/AdventuresExtensionv1.xsd http://www.garmin.com/xmlschemas/PressureExtension/v1 http://www.garmin.com/xmlschemas/PressureExtensionv1.xsd">
	<metadata>
		<name>Martigny - Croux de coeur - Rhone valley</name>
		<link href="http://www.garmin.com">
			<text>Garmin International</text>
		</link>
		<time>2026-09-03T19:26:40Z</time>
	</metadata>
	<trk>
		<name>Martigny - Croux de coeur - Rhone valley</name>
		<extensions>
			<gpxx:TrackExtension>
				<gpxx:DisplayColor>Red</gpxx:DisplayColor>
			</gpxx:TrackExtension>
		</extensions>
		<trkseg>
			<trkpt lat="46.10579967498779" lon="7.079143524169922">
				<ele>468.94000244140625</ele>
				<time>1970-01-01T00:00:00Z</time>
			</trkpt>
			<trkpt lat="46.105735301971436" lon="7.079143524169922">
				<ele>468.7099914550781</ele>
				<time>1970-01-01T00:00:05Z</time>
			</trkpt>
			<trkpt lat="46.105735301971436" lon="7.078671455383301">
				<ele>469.0</ele>
				<time>1970-01-01T00:00:31Z</time>
			</trkpt>
			<trkpt lat="46.105735301971436" lon="7.078671455383301">
				<ele>469.0</ele>
				<time>1970-01-01T00:00:31Z</time>
			</trkpt>
			<trkpt lat="46.1056923866272" lon="7.078607082366943">
				<ele>469.2200012207031</ele>
				<time>1970-01-01T00:00:36Z</time>
			</trkpt>
			<trkpt lat="46.1056923866272" lon="7.078607082366943">
				<ele>469.2200012207031</ele>
				<time>1970-01-01T00:00:36Z</time>
			</trkpt>
			<trkpt lat="46.10564947128296" lon="7.078564167022705">
				<ele>469.54998779296875</ele>
				<time>1970-01-01T00:00:40Z</time>
			</trkpt>
			<trkpt lat="46.10560655593872" lon="7.078499794006348">
				<ele>469.8500061035156</ele>
				<time>1970-01-01T00:00:45Z</time>
			</trkpt>
			<trkpt lat="46.105499267578125" lon="7.0784783363342285">
				<ele>470.6700134277344</ele>
				<time>1970-01-01T00:00:54Z</time>
			</trkpt>
			<trkpt lat="46.105499267578125" lon="7.0784783363342285">
				<ele>470.6700134277344</ele>
				<time>1970-01-01T00:00:54Z</time>
			</trkpt>
			<trkpt lat="46.10545635223389" lon="7.078564167022705">
				<ele>470.9200134277344</ele>
				<time>1970-01-01T00:01:00Z</time>
			</trkpt>
			<trkpt lat="46.10545635223389" lon="7.078564167022705">
				<ele>470.9200134277344</ele>
				<time>1970-01-01T00:01:00Z</time>
			</trkpt>
			<trkpt lat="46.105005741119385" lon="7.077920436859131">
				<ele>472.5799865722656</ele>
				<time>1970-01-01T00:01:50Z</time>
			</trkpt>
			<trkpt lat="46.10438346862793" lon="7.077062129974365">
				<ele>473.0</ele>
				<time>1970-01-01T00:02:59Z</time>
			</trkpt>
			<trkpt lat="46.10438346862793" lon="7.077062129974365">
				<ele>473.0</ele>
				<time>1970-01-01T00:02:59Z</time>
			</trkpt>
			<trkpt lat="46.10434055328369" lon="7.0769548416137695">
				<ele>473.0</ele>
				<time>1970-01-01T00:03:06Z</time>
			</trkpt>
			<trkpt lat="46.10434055328369" lon="7.0769548416137695">
				<ele>473.0</ele>
				<time>1970-01-01T00:03:06Z</time>
			</trkpt>
			<trkpt lat="46.10438346862793" lon="7.076869010925293">
				<ele>473.0</ele>
				<time>1970-01-01T00:03:12Z</time>
			</trkpt>
			<trkpt lat="46.10434055328369" lon="7.076783180236816">
				<ele>473.0</ele>
				<time>1970-01-01T00:03:18Z</time>
			</trkpt>
			<trkpt lat="46.104276180267334" lon="7.076761722564697">
				<ele>473.2200012207031</ele>
				<time>1970-01-01T00:03:23Z</time>
			</trkpt>
			<trkpt lat="46.104233264923096" lon="7.0768046379089355">
				<ele>473.3699951171875</ele>
				<time>1970-01-01T00:03:27Z</time>
			</trkpt>
			<trkpt lat="46.104233264923096" lon="7.0768046379089355">
				<ele>473.3699951171875</ele>
				<time>1970-01-01T00:03:27Z</time>
			</trkpt>
			<trkpt lat="46.1041259765625" lon="7.076740264892578">
				<ele>473.75</ele>
				<time>1970-01-01T00:03:37Z</time>
			</trkpt>
			<trkpt lat="46.1041259765625" lon="7.076740264892578">
				<ele>473.75</ele>
				<time>1970-01-01T00:03:37Z</time>
			</trkpt>
			<trkpt lat="46.10391139984131" lon="7.07643985748291">
				<ele>475.0400085449219</ele>
				<time>1970-01-01T00:04:01Z</time>
			</trkpt>
			<trkpt lat="46.10391139984131" lon="7.07643985748291">
				<ele>475.0400085449219</ele>
				<time>1970-01-01T00:04:01Z</time>
			</trkpt>
			<trkpt lat="46.103525161743164" lon="7.075924873352051">
				<ele>474.75</ele>
				<time>1970-01-01T00:04:43Z</time>
			</trkpt>
			<trkpt lat="46.103525161743164" lon="7.075924873352051">
				<ele>474.75</ele>
				<time>1970-01-01T00:04:43Z</time>
			</trkpt>
			<trkpt lat="46.103482246398926" lon="7.075839042663574">
				<ele>474.44000244140625</ele>
				<time>1970-01-01T00:04:49Z</time>
			</trkpt>
			<trkpt lat="46.103482246398926" lon="7.075839042663574">
				<ele>474.44000244140625</ele>
				<time>1970-01-01T00:04:49Z</time>
			</trkpt>
			<trkpt lat="46.10339641571045" lon="7.075753211975098">
				<ele>474.1400146484375</ele>
				<time>1970-01-01T00:04:57Z</time>
			</trkpt>
			<trkpt lat="46.10339641571045" lon="7.075753211975098">
				<ele>474.1400146484375</ele>
				<time>1970-01-01T00:04:57Z</time>
			</trkpt>
			<trkpt lat="46.10294580459595" lon="7.075130939483643">
				<ele>475.0</ele>
				<time>1970-01-01T00:05:47Z</time>
			</trkpt>
			<trkpt lat="46.10294580459595" lon="7.075130939483643">
				<ele>475.0</ele>
				<time>1970-01-01T00:05:47Z</time>
			</trkpt>
			<trkpt lat="46.10290288925171" lon="7.075066566467285">
				<ele>475.0</ele>
				<time>1970-01-01T00:05:52Z</time>
			</trkpt>
			<trkpt lat="46.10283851623535" lon="7.074980735778809">
				<ele>475.0</ele>
				<time>1970-01-01T00:05:59Z</time>
			</trkpt>
			<trkpt lat="46.10283851623535" lon="7.074980735778809">
				<ele>475.0</ele>
				<time>1970-01-01T00:05:59Z</time>
			</trkpt>
			<trkpt lat="46.10219478607178" lon="7.074079513549805">
				<ele>477.0</ele>
				<time>1970-01-01T00:07:11Z</time>
			</trkpt>
			<trkpt lat="46.10219478607178" lon="7.074079513549805">
				<ele>477.0</ele>
				<time>1970-01-01T00:07:11Z</time>
			</trkpt>
			<trkpt lat="46.10215187072754" lon="7.073972225189209">
				<ele>477.0</ele>
				<time>1970-01-01T00:07:18Z</time>
			</trkpt>
			<trkpt lat="46.102001667022705" lon="7.073779106140137">
				<ele>477.0</ele>
				<time>1970-01-01T00:07:34Z</time>
			</trkpt>
			<trkpt lat="46.102001667022705" lon="7.073779106140137">
				<ele>477.0</ele>
				<time>1970-01-01T00:07:34Z</time>
			</trkpt>
			<trkpt lat="46.10189437866211" lon="7.073628902435303">
				<ele>477.0</ele>
				<time>1970-01-01T00:07:46Z</time>
			</trkpt>
			<trkpt lat="46.10189437866211" lon="7.073628902435303">
				<ele>477.0</ele>
				<time>1970-01-01T00:07:46Z</time>
			</trkpt>
			<trkpt lat="46.101765632629395" lon="7.073478698730469">
				<ele>477.0</ele>
				<time>1970-01-01T00:07:59Z</time>
			</trkpt>
			<trkpt lat="46.101765632629395" lon="7.073478698730469">
				<ele>477.0</ele>
				<time>1970-01-01T00:07:59Z</time>
			</trkpt>
			<trkpt lat="46.10095024108887" lon="7.072405815124512">
				<ele>475.3500061035156</ele>
				<time>1970-01-01T00:09:27Z</time>
			</trkpt>
			<trkpt lat="46.10095024108887" lon="7.072405815124512">
				<ele>475.3500061035156</ele>
				<time>1970-01-01T00:09:27Z</time>
			</trkpt>
			<trkpt lat="46.10090732574463" lon="7.072298526763916">
				<ele>475.6400146484375</ele>
				<time>1970-01-01T00:09:34Z</time>
			</trkpt>
			<trkpt lat="46.10071420669556" lon="7.072105407714844">
				<ele>477.0199890136719</ele>
				<time>1970-01-01T00:09:53Z</time>
			</trkpt>
			<trkpt lat="46.10062837600708" lon="7.071998119354248">
				<ele>477.3399963378906</ele>
				<time>1970-01-01T00:10:02Z</time>
			</trkpt>
			<trkpt lat="46.10062837600708" lon="7.071998119354248">
				<ele>477.3399963378906</ele>
				<time>1970-01-01T00:10:02Z</time>
			</trkpt>
			<trkpt lat="46.10032796859741" lon="7.071654796600342">
				<ele>477.80999755859375</ele>
				<time>1970-01-01T00:10:33Z</time>
			</trkpt>
			<trkpt lat="46.100263595581055" lon="7.071590423583984">
				<ele>477.79998779296875</ele>
				<time>1970-01-01T00:10:39Z</time>
			</trkpt>
			<trkpt lat="46.100263595581055" lon="7.071590423583984">
				<ele>477.79998779296875</ele>
				<time>1970-01-01T00:10:39Z</time>
			</trkpt>
			<trkpt lat="46.099984645843506" lon="7.071290016174316">
				<ele>478.3900146484375</ele>
				<time>1970-01-01T00:11:07Z</time>
			</trkpt>
			<trkpt lat="46.099984645843506" lon="7.071290016174316">
				<ele>478.3900146484375</ele>
				<time>1970-01-01T00:11:07Z</time>
			</trkpt>
			<trkpt lat="46.09992027282715" lon="7.071225643157959">
				<ele>478.760009765625</ele>
				<time>1970-01-01T00:11:13Z</time>
			</trkpt>
			<trkpt lat="46.09992027282715" lon="7.071225643157959">
				<ele>478.760009765625</ele>
				<time>1970-01-01T00:11:13Z</time>
			</trkpt>
			<trkpt lat="46.09992027282715" lon="7.071161270141602">
				<ele>478.760009765625</ele>
				<time>1970-01-01T00:11:17Z</time>
			</trkpt>
			<trkpt lat="46.09992027282715" lon="7.071161270141602">
				<ele>478.760009765625</ele>
				<time>1970-01-01T00:11:17Z</time>
			</trkpt>
			<trkpt lat="46.09989881515503" lon="7.071075439453125">
				<ele>478.92999267578125</ele>
				<time>1970-01-01T00:11:22Z</time>
			</trkpt>
			<trkpt lat="46.09981298446655" lon="7.071032524108887">
				<ele>479.2799987792969</ele>
				<time>1970-01-01T00:11:29Z</time>
			</trkpt>
			<trkpt lat="46.099791526794434" lon="7.071053981781006">
				<ele>479.3500061035156</ele>
				<time>1970-01-01T00:11:31Z</time>
			</trkpt>
			<trkpt lat="46.099791526794434" lon="7.071053981781006">
				<ele>479.3500061035156</ele>
				<time>1970-01-01T00:11:31Z</time>
			</trkpt>
			<trkpt lat="46.09970569610596" lon="7.071053981781006">
				<ele>479.6600036621094</ele>
				<time>1970-01-01T00:11:38Z</time>
			</trkpt>
			<trkpt lat="46.09970569610596" lon="7.071053981781006">
				<ele>479.6600036621094</ele>
				<time>1970-01-01T00:11:38Z</time>
			</trkpt>
			<trkpt lat="46.09957695007324" lon="7.071011066436768">
				<ele>480.0</ele>
				<time>1970-01-01T00:11:49Z</time>
			</trkpt>
			<trkpt lat="46.09957695007324" lon="7.071011066436768">
				<ele>480.0</ele>
				<time>1970-01-01T00:11:49Z</time>
			</trkpt>
			<trkpt lat="46.099019050598145" lon="7.070603370666504">
				<ele>478.8699951171875</ele>
				<time>1970-01-01T00:12:39Z</time>
			</trkpt>
			<trkpt lat="46.099019050598145" lon="7.070603370666504">
				<ele>478.8699951171875</ele>
				<time>1970-01-01T00:12:39Z</time>
			</trkpt>
			<trkpt lat="46.09891176223755" lon="7.070496082305908">
				<ele>478.4800109863281</ele>
				<time>1970-01-01T00:12:49Z</time>
			</trkpt>
			<trkpt lat="46.098525524139404" lon="7.070217132568359">
				<ele>478.0</ele>
				<time>1970-01-01T00:13:24Z</time>
			</trkpt>
			<trkpt lat="46.09846115112305" lon="7.070152759552002">
				<ele>478.1400146484375</ele>
				<time>1970-01-01T00:13:30Z</time>
			</trkpt>
			<trkpt lat="46.098246574401855" lon="7.070002555847168">
				<ele>478.9100036621094</ele>
				<time>1970-01-01T00:13:49Z</time>
			</trkpt>
			<trkpt lat="46.09794616699219" lon="7.069766521453857">
				<ele>479.0</ele>
				<time>1970-01-01T00:14:17Z</time>
			</trkpt>
			<trkpt lat="46.09794616699219" lon="7.069766521453857">
				<ele>479.0</ele>
				<time>1970-01-01T00:14:17Z</time>
			</trkpt>
			<trkpt lat="46.09781742095947" lon="7.069659233093262">
				<ele>479.4599914550781</ele>
				<time>1970-01-01T00:14:29Z</time>
			</trkpt>
			<trkpt lat="46.09781742095947" lon="7.069659233093262">
				<ele>479.4599914550781</ele>
				<time>1970-01-01T00:14:29Z</time>
			</trkpt>
			<trkpt lat="46.097474098205566" lon="7.069401741027832">
				<ele>480.69000244140625</ele>
				<time>1970-01-01T00:15:00Z</time>
			</trkpt>
			<trkpt lat="46.09730243682861" lon="7.069251537322998">
				<ele>481.30999755859375</ele>
				<time>1970-01-01T00:15:16Z</time>
			</trkpt>
			<trkpt lat="46.09721660614014" lon="7.069187164306641">
				<ele>481.6099853515625</ele>
				<time>1970-01-01T00:15:23Z</time>
			</trkpt>
			<trkpt lat="46.09721660614014" lon="7.069187164306641">
				<ele>481.6099853515625</ele>
				<time>1970-01-01T00:15:23Z</time>
			</trkpt>
			<trkpt lat="46.09710931777954" lon="7.069122791290283">
				<ele>482.0</ele>
				<time>1970-01-01T00:15:33Z</time>
			</trkpt>
			<trkpt lat="46.09708786010742" lon="7.069101333618164">
				<ele>482.0</ele>
				<time>1970-01-01T00:15:35Z</time>
			</trkpt>
			<trkpt lat="46.09685182571411" lon="7.068908214569092">
				<ele>481.5</ele>
				<time>1970-01-01T00:15:56Z</time>
			</trkpt>
			<trkpt lat="46.096765995025635" lon="7.0688652992248535">
				<ele>481.5799865722656</ele>
				<time>1970-01-01T00:16:04Z</time>
			</trkpt>
			<trkpt lat="46.09663724899292" lon="7.068758010864258">
				<ele>481.70001220703125</ele>
				<time>1970-01-01T00:16:16Z</time>
			</trkpt>
			<trkpt lat="46.09663724899292" lon="7.068758010864258">
				<ele>481.70001220703125</ele>
				<time>1970-01-01T00:16:16Z</time>
			</trkpt>
			<trkpt lat="46.09618663787842" lon="7.068414688110352">
				<ele>482.0</ele>
				<time>1970-01-01T00:16:56Z</time>
			</trkpt>
			<trkpt lat="46.09618663787842" lon="7.068414688110352">
				<ele>482.0</ele>
				<time>1970-01-01T00:16:56Z</time>
			</trkpt>
			<trkpt lat="46.09597206115723" lon="7.068221569061279">
				<ele>481.8999938964844</ele>
				<time>1970-01-01T00:17:17Z</time>
			</trkpt>
			<trkpt lat="46.095757484436035" lon="7.068049907684326">
				<ele>481.1300048828125</ele>
				<time>1970-01-01T00:17:36Z</time>
			</trkpt>
			<trkpt lat="46.09567165374756" lon="7.068006992340088">
				<ele>481.1700134277344</ele>
				<time>1970-01-01T00:17:44Z</time>
			</trkpt>
			<trkpt lat="46.0956072807312" lon="7.0679426193237305">
				<ele>481.4100036621094</ele>
				<time>1970-01-01T00:17:50Z</time>
			</trkpt>
			<trkpt lat="46.09541416168213" lon="7.0677924156188965">
				<ele>481.70001220703125</ele>
				<time>1970-01-01T00:18:08Z</time>
			</trkpt>
			<trkpt lat="46.09541416168213" lon="7.0677924156188965">
				<ele>481.70001220703125</ele>
				<time>1970-01-01T00:18:08Z</time>
			</trkpt>
			<trkpt lat="46.09522104263306" lon="7.0676422119140625">
				<ele>482.5299987792969</ele>
				<time>1970-01-01T00:18:25Z</time>
			</trkpt>
			<trkpt lat="46.09519958496094" lon="7.0676422119140625">
				<ele>482.70001220703125</ele>
				<time>1970-01-01T00:18:27Z</time>
			</trkpt>
			<trkpt lat="46.095006465911865" lon="7.067470550537109">
				<ele>482.8999938964844</ele>
				<time>1970-01-01T00:18:45Z</time>
			</trkpt>
			<trkpt lat="46.09489917755127" lon="7.067406177520752">
				<ele>483.0</ele>
				<time>1970-01-01T00:18:54Z</time>
			</trkpt>
			<trkpt lat="46.094233989715576" lon="7.066869735717773">
				<ele>485.19000244140625</ele>
				<time>1970-01-01T00:19:55Z</time>
			</trkpt>
			<trkpt lat="46.093997955322266" lon="7.06669807434082">
				<ele>487.1099853515625</ele>
				<time>1970-01-01T00:20:16Z</time>
			</trkpt>
			<trkpt lat="46.09391212463379" lon="7.066633701324463">
				<ele>487.8900146484375</ele>
				<time>1970-01-01T00:20:24Z</time>
			</trkpt>
			<trkpt lat="46.09367609024048" lon="7.06646203994751">
				<ele>488.95001220703125</ele>
				<time>1970-01-01T00:20:45Z</time>
			</trkpt>
			<trkpt lat="46.09363317489624" lon="7.0664191246032715">
				<ele>488.94000244140625</ele>
				<time>1970-01-01T00:20:50Z</time>
			</trkpt>
			<trkpt lat="46.09363317489624" lon="7.0664191246032715">
				<ele>488.94000244140625</ele>
				<time>1970-01-01T00:20:50Z</time>
			</trkpt>
			<trkpt lat="46.09331130981445" lon="7.066161632537842">
				<ele>488.3299865722656</ele>
				<time>1970-01-01T00:21:19Z</time>
			</trkpt>
			<trkpt lat="46.09305381774902" lon="7.065989971160889">
				<ele>488.0</ele>
				<time>1970-01-01T00:21:42Z</time>
			</trkpt>
			<trkpt lat="46.09296798706055" lon="7.065925598144531">
				<ele>488.0</ele>
				<time>1970-01-01T00:21:50Z</time>
			</trkpt>
			<trkpt lat="46.09296798706055" lon="7.065925598144531">
				<ele>488.0</ele>
				<time>1970-01-01T00:21:50Z</time>
			</trkpt>
			<trkpt lat="46.092753410339355" lon="7.065753936767578">
				<ele>488.0</ele>
				<time>1970-01-01T00:22:09Z</time>
			</trkpt>
			<trkpt lat="46.092753410339355" lon="7.065753936767578">
				<ele>488.0</ele>
				<time>1970-01-01T00:22:09Z</time>
			</trkpt>
			<trkpt lat="46.092495918273926" lon="7.065496444702148">
				<ele>488.0</ele>
				<time>1970-01-01T00:22:34Z</time>
			</trkpt>
			<trkpt lat="46.092495918273926" lon="7.065496444702148">
				<ele>488.0</ele>
				<time>1970-01-01T00:22:34Z</time>
			</trkpt>
			<trkpt lat="46.092259883880615" lon="7.065324783325195">
				<ele>488.07000732421875</ele>
				<time>1970-01-01T00:22:55Z</time>
			</trkpt>
			<trkpt lat="46.092259883880615" lon="7.065324783325195">
				<ele>488.07000732421875</ele>
				<time>1970-01-01T00:22:55Z</time>
			</trkpt>
			<trkpt lat="46.09221696853638" lon="7.065260410308838">
				<ele>488.0</ele>
				<time>1970-01-01T00:23:00Z</time>
			</trkpt>
			<trkpt lat="46.09215259552002" lon="7.065238952636719">
				<ele>488.1400146484375</ele>
				<time>1970-01-01T00:23:06Z</time>
			</trkpt>
			<trkpt lat="46.09215259552002" lon="7.065238952636719">
				<ele>488.1400146484375</ele>
				<time>1970-01-01T00:23:06Z</time>
			</trkpt>
			<trkpt lat="46.09206676483154" lon="7.065131664276123">
				<ele>488.2099914550781</ele>
				<time>1970-01-01T00:23:15Z</time>
			</trkpt>
			<trkpt lat="46.092002391815186" lon="7.064938545227051">
				<ele>487.9800109863281</ele>
				<time>1970-01-01T00:23:27Z</time>
			</trkpt>
			<trkpt lat="46.092002391815186" lon="7.064938545227051">
				<ele>487.9800109863281</ele>
				<time>1970-01-01T00:23:27Z</time>
			</trkpt>
			<trkpt lat="46.09183073043823" lon="7.064616680145264">
				<ele>488.04998779296875</ele>
				<time>1970-01-01T00:23:49Z</time>
			</trkpt>
			<trkpt lat="46.09183073043823" lon="7.064616680145264">
				<ele>488.04998779296875</ele>
				<time>1970-01-01T00:23:49Z</time>
			</trkpt>
			<trkpt lat="46.09180927276611" lon="7.064573764801025">
				<ele>488.17999267578125</ele>
				<time>1970-01-01T00:23:52Z</time>
			</trkpt>
			<trkpt lat="46.091787815093994" lon="7.064530849456787">
				<ele>488.3999938964844</ele>
				<time>1970-01-01T00:23:55Z</time>
			</trkpt>
			<trkpt lat="46.091787815093994" lon="7.064530849456787">
				<ele>488.3999938964844</ele>
				<time>1970-01-01T00:23:55Z</time>
			</trkpt>
			<trkpt lat="46.09170198440552" lon="7.064316272735596">
				<ele>489.4700012207031</ele>
				<time>1970-01-01T00:24:09Z</time>
			</trkpt>
			<trkpt lat="46.09170198440552" lon="7.064316272735596">
				<ele>489.4700012207031</ele>
				<time>1970-01-01T00:24:09Z</time>
			</trkpt>
			<trkpt lat="46.09165906906128" lon="7.064208984375">
				<ele>489.6199951171875</ele>
				<time>1970-01-01T00:24:16Z</time>
			</trkpt>
			<trkpt lat="46.091551780700684" lon="7.06395149230957">
				<ele>490.0</ele>
				<time>1970-01-01T00:24:32Z</time>
			</trkpt>
			<trkpt lat="46.091551780700684" lon="7.06395149230957">
				<ele>490.0</ele>
				<time>1970-01-01T00:24:32Z</time>
			</trkpt>
			<trkpt lat="46.091530323028564" lon="7.063865661621094">
				<ele>490.0</ele>
				<time>1970-01-01T00:24:37Z</time>
			</trkpt>
			<trkpt lat="46.09118700027466" lon="7.06296443939209">
				<ele>491.0</ele>
				<time>1970-01-01T00:25:35Z</time>
			</trkpt>
			<trkpt lat="46.09116554260254" lon="7.062857151031494">
				<ele>491.0</ele>
				<time>1970-01-01T00:25:41Z</time>
			</trkpt>
			<trkpt lat="46.09086513519287" lon="7.062041759490967">
				<ele>490.5299987792969</ele>
				<time>1970-01-01T00:26:32Z</time>
			</trkpt>
			<trkpt lat="46.09069347381592" lon="7.06171989440918">
				<ele>490.0899963378906</ele>
				<time>1970-01-01T00:26:55Z</time>
			</trkpt>
			<trkpt lat="46.09069347381592" lon="7.06171989440918">
				<ele>490.0899963378906</ele>
				<time>1970-01-01T00:26:55Z</time>
			</trkpt>
			<trkpt lat="46.09060764312744" lon="7.061612606048584">
				<ele>490.4100036621094</ele>
				<time>1970-01-01T00:27:04Z</time>
			</trkpt>
			<trkpt lat="46.09060764312744" lon="7.061612606048584">
				<ele>490.4100036621094</ele>
				<time>1970-01-01T00:27:04Z</time>
			</trkpt>
			<trkpt lat="46.09037160873413" lon="7.061376571655273">
				<ele>491.0</ele>
				<time>1970-01-01T00:27:27Z</time>
			</trkpt>
			<trkpt lat="46.090028285980225" lon="7.06120491027832">
				<ele>491.2200012207031</ele>
				<time>1970-01-01T00:27:56Z</time>
			</trkpt>
			<trkpt lat="46.089491844177246" lon="7.061097621917725">
				<ele>493.0299987792969</ele>
				<time>1970-01-01T00:28:39Z</time>
			</trkpt>
			<trkpt lat="46.089491844177246" lon="7.061097621917725">
				<ele>493.0299987792969</ele>
				<time>1970-01-01T00:28:39Z</time>
			</trkpt>
			<trkpt lat="46.089255809783936" lon="7.061033248901367">
				<ele>494.1099853515625</ele>
				<time>1970-01-01T00:28:58Z</time>
			</trkpt>
			<trkpt lat="46.089255809783936" lon="7.061033248901367">
				<ele>494.1099853515625</ele>
				<time>1970-01-01T00:28:58Z</time>
			</trkpt>
			<trkpt lat="46.0892128944397" lon="7.061033248901367">
				<ele>494.260009765625</ele>
				<time>1970-01-01T00:29:02Z</time>
			</trkpt>
			<trkpt lat="46.0892128944397" lon="7.061033248901367">
				<ele>494.260009765625</ele>
				<time>1970-01-01T00:29:02Z</time>
			</trkpt>
			<trkpt lat="46.088998317718506" lon="7.060883045196533">
				<ele>495.3800048828125</ele>
				<time>1970-01-01T00:29:21Z</time>
			</trkpt>
			<trkpt lat="46.08871936798096" lon="7.060732841491699">
				<ele>496.1300048828125</ele>
				<time>1970-01-01T00:29:45Z</time>
			</trkpt>
			<trkpt lat="46.08871936798096" lon="7.060732841491699">
				<ele>496.1300048828125</ele>
				<time>1970-01-01T00:29:45Z</time>
			</trkpt>
			<trkpt lat="46.08869791030884" lon="7.060647010803223">
				<ele>496.2699890136719</ele>
				<time>1970-01-01T00:29:50Z</time>
			</trkpt>
			<trkpt lat="46.08869791030884" lon="7.060647010803223">
				<ele>496.2699890136719</ele>
				<time>1970-01-01T00:29:50Z</time>
			</trkpt>
			<trkpt lat="46.08861207962036" lon="7.0606255531311035">
				<ele>496.5899963378906</ele>
				<time>1970-01-01T00:29:57Z</time>
			</trkpt>
			<trkpt lat="46.08861207962036" lon="7.0606255531311035">
				<ele>496.5899963378906</ele>
				<time>1970-01-01T00:29:57Z</time>
			</trkpt>
			<trkpt lat="46.08859062194824" lon="7.0606255531311035">
				<ele>496.6600036621094</ele>
				<time>1970-01-01T00:29:59Z</time>
			</trkpt>
			<trkpt lat="46.08859062194824" lon="7.0606255531311035">
				<ele>496.6600036621094</ele>
				<time>1970-01-01T00:29:59Z</time>
			</trkpt>
			<trkpt lat="46.08846187591553" lon="7.060561180114746">
				<ele>497.239990234375</ele>
				<time>1970-01-01T00:30:09Z</time>
			</trkpt>
			<trkpt lat="46.08837604522705" lon="7.0604753494262695">
				<ele>497.8800048828125</ele>
				<time>1970-01-01T00:30:18Z</time>
			</trkpt>
			<trkpt lat="46.08837604522705" lon="7.0604753494262695">
				<ele>497.8800048828125</ele>
				<time>1970-01-01T00:30:18Z</time>
			</trkpt>
			<trkpt lat="46.08833312988281" lon="7.060432434082031">
				<ele>498.17999267578125</ele>
				<time>1970-01-01T00:30:22Z</time>
			</trkpt>
			<trkpt lat="46.08833312988281" lon="7.060432434082031">
				<ele>498.17999267578125</ele>
				<time>1970-01-01T00:30:22Z</time>
			</trkpt>
			<trkpt lat="46.088032722473145" lon="7.060110569000244">
				<ele>500.5299987792969</ele>
				<time>1970-01-01T00:30:52Z</time>
			</trkpt>
			<trkpt lat="46.088032722473145" lon="7.060110569000244">
				<ele>500.5299987792969</ele>
				<time>1970-01-01T00:30:52Z</time>
			</trkpt>
			<trkpt lat="46.08762502670288" lon="7.059638500213623">
				<ele>500.2799987792969</ele>
				<time>1970-01-01T00:31:34Z</time>
			</trkpt>
			<trkpt lat="46.0871958732605" lon="7.059123516082764">
				<ele>507.760009765625</ele>
				<time>1970-01-01T00:32:19Z</time>
			</trkpt>
			<trkpt lat="46.087045669555664" lon="7.058844566345215">
				<ele>508.010009765625</ele>
				<time>1970-01-01T00:32:38Z</time>
			</trkpt>
			<trkpt lat="46.08698129653931" lon="7.058544158935547">
				<ele>503.8900146484375</ele>
				<time>1970-01-01T00:32:56Z</time>
			</trkpt>
			<trkpt lat="46.087024211883545" lon="7.058115005493164">
				<ele>497.489990234375</ele>
				<time>1970-01-01T00:33:20Z</time>
			</trkpt>
			<trkpt lat="46.087024211883545" lon="7.058115005493164">
				<ele>497.489990234375</ele>
				<time>1970-01-01T00:33:20Z</time>
			</trkpt>
			<trkpt lat="46.087045669555664" lon="7.05796480178833">
				<ele>497.1499938964844</ele>
				<time>1970-01-01T00:33:28Z</time>
			</trkpt>
			<trkpt lat="46.087045669555664" lon="7.05796480178833">
				<ele>497.1499938964844</ele>
				<time>1970-01-01T00:33:28Z</time>
			</trkpt>
			<trkpt lat="46.08706712722778" lon="7.0578789710998535">
				<ele>496.5299987792969</ele>
				<time>1970-01-01T00:33:33Z</time>
			</trkpt>
			<trkpt lat="46.08706712722778" lon="7.0578789710998535">
				<ele>496.5299987792969</ele>
				<time>1970-01-01T00:33:33Z</time>
			</trkpt>
			<trkpt lat="46.08713150024414" lon="7.057535648345947">
				<ele>498.3399963378906</ele>
				<time>1970-01-01T00:33:53Z</time>
			</trkpt>
			<trkpt lat="46.08713150024414" lon="7.057535648345947">
				<ele>498.3399963378906</ele>
				<time>1970-01-01T00:33:53Z</time>
			</trkpt>
			<trkpt lat="46.08717441558838" lon="7.057406902313232">
				<ele>498.6600036621094</ele>
				<time>1970-01-01T00:34:01Z</time>
			</trkpt>
			<trkpt lat="46.08717441558838" lon="7.057406902313232">
				<ele>498.6600036621094</ele>
				<time>1970-01-01T00:34:01Z</time>
			</trkpt>
			<trkpt lat="46.08721733093262" lon="7.057299613952637">
				<ele>498.8800048828125</ele>
				<time>1970-01-01T00:34:08Z</time>
			</trkpt>
			<trkpt lat="46.08721733093262" lon="7.057299613952637">
				<ele>498.8800048828125</ele>
				<time>1970-01-01T00:34:08Z</time>
			</trkpt>
			<trkpt lat="46.08713150024414" lon="7.057192325592041">
				<ele>499.5799865722656</ele>
				<time>1970-01-01T00:34:17Z</time>
			</trkpt>
			<trkpt lat="46.08713150024414" lon="7.057192325592041">
				<ele>499.5799865722656</ele>
				<time>1970-01-01T00:34:17Z</time>
			</trkpt>
			<trkpt lat="46.08691692352295" lon="7.056763172149658">
				<ele>501.8900146484375</ele>
				<time>1970-01-01T00:34:46Z</time>
			</trkpt>
			<trkpt lat="46.08665943145752" lon="7.056248188018799">
				<ele>503.67999267578125</ele>
				<time>1970-01-01T00:35:22Z</time>
			</trkpt>
			<trkpt lat="46.08657360076904" lon="7.056055068969727">
				<ele>504.67999267578125</ele>
				<time>1970-01-01T00:35:34Z</time>
			</trkpt>
			<trkpt lat="46.08657360076904" lon="7.056055068969727">
				<ele>504.67999267578125</ele>
				<time>1970-01-01T00:35:34Z</time>
			</trkpt>
			<trkpt lat="46.08657360076904" lon="7.056033611297607">
				<ele>504.75</ele>
				<time>1970-01-01T00:35:36Z</time>
			</trkpt>
			<trkpt lat="46.086552143096924" lon="7.056012153625488">
				<ele>504.9100036621094</ele>
				<time>1970-01-01T00:35:38Z</time>
			</trkpt>
			<trkpt lat="46.086552143096924" lon="7.056012153625488">
				<ele>504.9100036621094</ele>
				<time>1970-01-01T00:35:38Z</time>
			</trkpt>
			<trkpt lat="46.08640193939209" lon="7.055690288543701">
				<ele>505.5299987792969</ele>
				<time>1970-01-01T00:35:59Z</time>
			</trkpt>
			<trkpt lat="46.08640193939209" lon="7.055690288543701">
				<ele>505.5299987792969</ele>
				<time>1970-01-01T00:35:59Z</time>
			</trkpt>
			<trkpt lat="46.08633756637573" lon="7.0555830001831055">
				<ele>505.69000244140625</ele>
				<time>1970-01-01T00:36:07Z</time>
			</trkpt>
			<trkpt lat="46.0861873626709" lon="7.0552825927734375">
				<ele>506.8399963378906</ele>
				<time>1970-01-01T00:36:28Z</time>
			</trkpt>
			<trkpt lat="46.0861873626709" lon="7.0552825927734375">
				<ele>506.8399963378906</ele>
				<time>1970-01-01T00:36:28Z</time>
			</trkpt>
			<trkpt lat="46.085994243621826" lon="7.055046558380127">
				<ele>508.7799987792969</ele>
				<time>1970-01-01T00:36:48Z</time>
			</trkpt>
			<trkpt lat="46.085994243621826" lon="7.055046558380127">
				<ele>508.7799987792969</ele>
				<time>1970-01-01T00:36:48Z</time>
			</trkpt>
			<trkpt lat="46.08597278594971" lon="7.055025100708008">
				<ele>508.92999267578125</ele>
				<time>1970-01-01T00:36:50Z</time>
			</trkpt>
			<trkpt lat="46.08597278594971" lon="7.055025100708008">
				<ele>508.92999267578125</ele>
				<time>1970-01-01T00:36:50Z</time>
			</trkpt>
			<trkpt lat="46.08584403991699" lon="7.054853439331055">
				<ele>510.25</ele>
				<time>1970-01-01T00:37:04Z</time>
			</trkpt>
			<trkpt lat="46.08584403991699" lon="7.054853439331055">
				<ele>510.25</ele>
				<time>1970-01-01T00:37:04Z</time>
			</trkpt>
			<trkpt lat="46.0857367515564" lon="7.054789066314697">
				<ele>510.94000244140625</ele>
				<time>1970-01-01T00:37:13Z</time>
			</trkpt>
			<trkpt lat="46.08532905578613" lon="7.054660320281982">
				<ele>510.70001220703125</ele>
				<time>1970-01-01T00:37:47Z</time>
			</trkpt>
			<trkpt lat="46.08532905578613" lon="7.054660320281982">
				<ele>510.70001220703125</ele>
				<time>1970-01-01T00:37:47Z</time>
			</trkpt>
			<trkpt lat="46.08483552932739" lon="7.054574489593506">
				<ele>511.0799865722656</ele>
				<time>1970-01-01T00:38:27Z</time>
			</trkpt>
			<trkpt lat="46.084535121917725" lon="7.054445743560791">
				<ele>511.3900146484375</ele>
				<time>1970-01-01T00:38:52Z</time>
			</trkpt>
			<trkpt lat="46.084020137786865" lon="7.054166793823242">
				<ele>514.5399780273438</ele>
				<time>1970-01-01T00:39:36Z</time>
			</trkpt>
			<trkpt lat="46.083762645721436" lon="7.053651809692383">
				<ele>518.4500122070312</ele>
				<time>1970-01-01T00:40:11Z</time>
			</trkpt>
			<trkpt lat="46.083762645721436" lon="7.053523063659668">
				<ele>520.2999877929688</ele>
				<time>1970-01-01T00:40:18Z</time>
			</trkpt>
			<trkpt lat="46.083762645721436" lon="7.053523063659668">
				<ele>520.2999877929688</ele>
				<time>1970-01-01T00:40:18Z</time>
			</trkpt>
			<trkpt lat="46.083762645721436" lon="7.053523063659668">
				<ele>520.2999877929688</ele>
				<time>1970-01-01T00:40:18Z</time>
			</trkpt>
			<trkpt lat="46.083548069000244" lon="7.053265571594238">
				<ele>522.5499877929688</ele>
				<time>1970-01-01T00:40:41Z</time>
			</trkpt>
			<trkpt lat="46.08337640762329" lon="7.053115367889404">
				<ele>524.77001953125</ele>
				<time>1970-01-01T00:40:57Z</time>
			</trkpt>
			<trkpt lat="46.08320474624634" lon="7.053008079528809">
				<ele>526.47998046875</ele>
				<time>1970-01-01T00:41:12Z</time>
			</trkpt>
			<trkpt lat="46.08320474624634" lon="7.053008079528809">
				<ele>526.47998046875</ele>
				<time>1970-01-01T00:41:12Z</time>
			</trkpt>
			<trkpt lat="46.08314037322998" lon="7.05296516418457">
				<ele>527.6300048828125</ele>
				<time>1970-01-01T00:41:17Z</time>
			</trkpt>
			<trkpt lat="46.08296871185303" lon="7.052922248840332">
				<ele>528.3699951171875</ele>
				<time>1970-01-01T00:41:31Z</time>
			</trkpt>
			<trkpt lat="46.08296871185303" lon="7.052922248840332">
				<ele>528.3699951171875</ele>
				<time>1970-01-01T00:41:31Z</time>
			</trkpt>
			<trkpt lat="46.08286142349243" lon="7.052900791168213">
				<ele>529.0999755859375</ele>
				<time>1970-01-01T00:41:40Z</time>
			</trkpt>
			<trkpt lat="46.08286142349243" lon="7.052900791168213">
				<ele>529.0999755859375</ele>
				<time>1970-01-01T00:41:40Z</time>
			</trkpt>
			<trkpt lat="46.08245372772217" lon="7.05296516418457">
				<ele>530.6400146484375</ele>
				<time>1970-01-01T00:42:13Z</time>
			</trkpt>
			<trkpt lat="46.08161687850952" lon="7.053415775299072">
				<ele>528.9099731445312</ele>
				<time>1970-01-01T00:43:24Z</time>
			</trkpt>
			<trkpt lat="46.081295013427734" lon="7.053544521331787">
				<ele>533.739990234375</ele>
				<time>1970-01-01T00:43:51Z</time>
			</trkpt>
			<trkpt lat="46.08060836791992" lon="7.053587436676025">
				<ele>533.8599853515625</ele>
				<time>1970-01-01T00:44:46Z</time>
			</trkpt>
			<trkpt lat="46.08060836791992" lon="7.053587436676025">
				<ele>533.8599853515625</ele>
				<time>1970-01-01T00:44:46Z</time>
			</trkpt>
			<trkpt lat="46.08032941818237" lon="7.053587436676025">
				<ele>535.6199951171875</ele>
				<time>1970-01-01T00:45:08Z</time>
			</trkpt>
			<trkpt lat="46.079535484313965" lon="7.053651809692383">
				<ele>538.9500122070312</ele>
				<time>1970-01-01T00:46:12Z</time>
			</trkpt>
			<trkpt lat="46.079277992248535" lon="7.053587436676025">
				<ele>538.2899780273438</ele>
				<time>1970-01-01T00:46:33Z</time>
			</trkpt>
			<trkpt lat="46.079041957855225" lon="7.0534586906433105">
				<ele>538.510009765625</ele>
				<time>1970-01-01T00:46:53Z</time>
			</trkpt>
			<trkpt lat="46.079041957855225" lon="7.0534586906433105">
				<ele>538.510009765625</ele>
				<time>1970-01-01T00:46:53Z</time>
			</trkpt>
			<trkpt lat="46.07874155044556" lon="7.053244113922119">
				<ele>539.9099731445312</ele>
				<time>1970-01-01T00:47:20Z</time>
			</trkpt>
			<trkpt lat="46.07799053192139" lon="7.052664756774902">
				<ele>547.6699829101562</ele>
				<time>1970-01-01T00:48:28Z</time>
			</trkpt>
			<trkpt lat="46.07743263244629" lon="7.0522356033325195">
				<ele>547.8900146484375</ele>
				<time>1970-01-01T00:49:19Z</time>
			</trkpt>
			<trkpt lat="46.07743263244629" lon="7.0522356033325195">
				<ele>547.8900146484375</ele>
				<time>1970-01-01T00:49:19Z</time>
			</trkpt>
			<trkpt lat="46.07685327529907" lon="7.051870822906494">
				<ele>552.0900268554688</ele>
				<time>1970-01-01T00:50:10Z</time>
			</trkpt>
			<trkpt lat="46.07638120651245" lon="7.051699161529541">
				<ele>555.0399780273438</ele>
				<time>1970-01-01T00:50:49Z</time>
			</trkpt>
			<trkpt lat="46.07623100280762" lon="7.051656246185303">
				<ele>556.1300048828125</ele>
				<time>1970-01-01T00:51:01Z</time>
			</trkpt>
			<trkpt lat="46.07623100280762" lon="7.051656246185303">
				<ele>556.1300048828125</ele>
				<time>1970-01-01T00:51:01Z</time>
			</trkpt>
			<trkpt lat="46.07588768005371" lon="7.051634788513184">
				<ele>559.989990234375</ele>
				<time>1970-01-01T00:51:28Z</time>
			</trkpt>
			<trkpt lat="46.0752010345459" lon="7.051806449890137">
				<ele>567.8200073242188</ele>
				<time>1970-01-01T00:52:24Z</time>
			</trkpt>
			<trkpt lat="46.0752010345459" lon="7.051806449890137">
				<ele>567.8200073242188</ele>
				<time>1970-01-01T00:52:24Z</time>
			</trkpt>
			<trkpt lat="46.07498645782471" lon="7.051913738250732">
				<ele>570.9500122070312</ele>
				<time>1970-01-01T00:52:42Z</time>
			</trkpt>
			<trkpt lat="46.07470750808716" lon="7.052128314971924">
				<ele>573.530029296875</ele>
				<time>1970-01-01T00:53:08Z</time>
			</trkpt>
			<trkpt lat="46.07470750808716" lon="7.052128314971924">
				<ele>573.530029296875</ele>
				<time>1970-01-01T00:53:08Z</time>
			</trkpt>
			<trkpt lat="46.074557304382324" lon="7.052257061004639">
				<ele>575.969970703125</ele>
				<time>1970-01-01T00:53:22Z</time>
			</trkpt>
			<trkpt lat="46.07421398162842" lon="7.052600383758545">
				<ele>572.8800048828125</ele>
				<time>1970-01-01T00:53:55Z</time>
			</trkpt>
			<trkpt lat="46.07387065887451" lon="7.053158283233643">
				<ele>571.469970703125</ele>
				<time>1970-01-01T00:54:36Z</time>
			</trkpt>
			<trkpt lat="46.0736346244812" lon="7.0537590980529785">
				<ele>576.280029296875</ele>
				<time>1970-01-01T00:55:15Z</time>
			</trkpt>
			<trkpt lat="46.07348442077637" lon="7.054424285888672">
				<ele>575.25</ele>
				<time>1970-01-01T00:55:54Z</time>
			</trkpt>
			<trkpt lat="46.07348442077637" lon="7.054424285888672">
				<ele>575.25</ele>
				<time>1970-01-01T00:55:54Z</time>
			</trkpt>
			<trkpt lat="46.07344150543213" lon="7.054660320281982">
				<ele>575.5900268554688</ele>
				<time>1970-01-01T00:56:07Z</time>
			</trkpt>
			<trkpt lat="46.073312759399414" lon="7.05596923828125">
				<ele>581.27001953125</ele>
				<time>1970-01-01T00:57:21Z</time>
			</trkpt>
			<trkpt lat="46.073312759399414" lon="7.05596923828125">
				<ele>581.27001953125</ele>
				<time>1970-01-01T00:57:21Z</time>
			</trkpt>
			<trkpt lat="46.073269844055176" lon="7.056441307067871">
				<ele>585.2100219726562</ele>
				<time>1970-01-01T00:57:47Z</time>
			</trkpt>
			<trkpt lat="46.073269844055176" lon="7.056441307067871">
				<ele>585.2100219726562</ele>
				<time>1970-01-01T00:57:47Z</time>
			</trkpt>
			<trkpt lat="46.07314109802246" lon="7.05697774887085">
				<ele>584.9500122070312</ele>
				<time>1970-01-01T00:58:19Z</time>
			</trkpt>
			<trkpt lat="46.07271194458008" lon="7.058286666870117">
				<ele>593.4099731445312</ele>
				<time>1970-01-01T00:59:39Z</time>
			</trkpt>
			<trkpt lat="46.07271194458008" lon="7.058286666870117">
				<ele>593.4099731445312</ele>
				<time>1970-01-01T00:59:39Z</time>
			</trkpt>
			<trkpt lat="46.07264757156372" lon="7.058651447296143">
				<ele>592.47998046875</ele>
				<time>1970-01-01T01:00:00Z</time>
			</trkpt>
			<trkpt lat="46.07260465621948" lon="7.0591020584106445">
				<ele>596.6699829101562</ele>
				<time>1970-01-01T01:00:25Z</time>
			</trkpt>
			<trkpt lat="46.07260465621948" lon="7.0591020584106445">
				<ele>596.6699829101562</ele>
				<time>1970-01-01T01:00:25Z</time>
			</trkpt>
			<trkpt lat="46.0726261138916" lon="7.0597243309021">
				<ele>599.510009765625</ele>
				<time>1970-01-01T01:01:00Z</time>
			</trkpt>
			<trkpt lat="46.072754859924316" lon="7.0606255531311035">
				<ele>591.2100219726562</ele>
				<time>1970-01-01T01:01:51Z</time>
			</trkpt>
			<trkpt lat="46.072754859924316" lon="7.0606255531311035">
				<ele>591.2100219726562</ele>
				<time>1970-01-01T01:01:51Z</time>
			</trkpt>
			<trkpt lat="46.072819232940674" lon="7.060990333557129">
				<ele>587.4099731445312</ele>
				<time>1970-01-01T01:02:12Z</time>
			</trkpt>
			<trkpt lat="46.07296943664551" lon="7.0622992515563965">
				<ele>596.4199829101562</ele>
				<time>1970-01-01T01:03:26Z</time>
			</trkpt>
			<trkpt lat="46.073033809661865" lon="7.062921524047852">
				<ele>603.5399780273438</ele>
				<time>1970-01-01T01:04:01Z</time>
			</trkpt>
			<trkpt lat="46.073033809661865" lon="7.062921524047852">
				<ele>603.5399780273438</ele>
				<time>1970-01-01T01:04:01Z</time>
			</trkpt>
			<trkpt lat="46.073055267333984" lon="7.063543796539307">
				<ele>603.8699951171875</ele>
				<time>1970-01-01T01:04:35Z</time>
			</trkpt>
			<trkpt lat="46.07309818267822" lon="7.064273357391357">
				<ele>602.6300048828125</ele>
				<time>1970-01-01T01:05:16Z</time>
			</trkpt>
			<trkpt lat="46.07314109802246" lon="7.064552307128906">
				<ele>602.52001953125</ele>
				<time>1970-01-01T01:05:32Z</time>
			</trkpt>
			<trkpt lat="46.07314109802246" lon="7.064552307128906">
				<ele>602.52001953125</ele>
				<time>1970-01-01T01:05:32Z</time>
			</trkpt>
			<trkpt lat="46.07316255569458" lon="7.06470251083374">
				<ele>602.739990234375</ele>
				<time>1970-01-01T01:05:40Z</time>
			</trkpt>
			<trkpt lat="46.07322692871094" lon="7.064917087554932">
				<ele>603.0499877929688</ele>
				<time>1970-01-01T01:05:53Z</time>
			</trkpt>
			<trkpt lat="46.07333421707153" lon="7.0652174949646">
				<ele>603.5800170898438</ele>
				<time>1970-01-01T01:06:12Z</time>
			</trkpt>
			<trkpt lat="46.07339859008789" lon="7.065389156341553">
				<ele>604.1699829101562</ele>
				<time>1970-01-01T01:06:23Z</time>
			</trkpt>
			<trkpt lat="46.07367753982544" lon="7.065839767456055">
				<ele>606.0399780273438</ele>
				<time>1970-01-01T01:06:56Z</time>
			</trkpt>
			<trkpt lat="46.07382774353027" lon="7.066054344177246">
				<ele>607.25</ele>
				<time>1970-01-01T01:07:13Z</time>
			</trkpt>
			<trkpt lat="46.07382774353027" lon="7.066054344177246">
				<ele>607.25</ele>
				<time>1970-01-01T01:07:13Z</time>
			</trkpt>
			<trkpt lat="46.07391357421875" lon="7.06620454788208">
				<ele>608.030029296875</ele>
				<time>1970-01-01T01:07:24Z</time>
			</trkpt>
			<trkpt lat="46.074020862579346" lon="7.066354751586914">
				<ele>608.719970703125</ele>
				<time>1970-01-01T01:07:36Z</time>
			</trkpt>
			<trkpt lat="46.0740852355957" lon="7.06646203994751">
				<ele>609.260009765625</ele>
				<time>1970-01-01T01:07:44Z</time>
			</trkpt>
			<trkpt lat="46.074535846710205" lon="7.06721305847168">
				<ele>609.5399780273438</ele>
				<time>1970-01-01T01:08:39Z</time>
			</trkpt>
			<trkpt lat="46.074535846710205" lon="7.06721305847168">
				<ele>609.5399780273438</ele>
				<time>1970-01-01T01:08:39Z</time>
			</trkpt>
			<trkpt lat="46.07472896575928" lon="7.0676422119140625">
				<ele>610.530029296875</ele>
				<time>1970-01-01T01:09:08Z</time>
			</trkpt>
			<trkpt lat="46.07487916946411" lon="7.068135738372803">
				<ele>611.47998046875</ele>
				<time>1970-01-01T01:09:38Z</time>
			</trkpt>
			<trkpt lat="46.075007915496826" lon="7.068972587585449">
				<ele>614.27001953125</ele>
				<time>1970-01-01T01:10:25Z</time>
			</trkpt>
			<trkpt lat="46.075007915496826" lon="7.068972587585449">
				<ele>614.27001953125</ele>
				<time>1970-01-01T01:10:25Z</time>
			</trkpt>
			<trkpt lat="46.07513666152954" lon="7.070474624633789">
				<ele>613.3099975585938</ele>
				<time>1970-01-01T01:11:49Z</time>
			</trkpt>
			<trkpt lat="46.07513666152954" lon="7.070474624633789">
				<ele>613.3099975585938</ele>
				<time>1970-01-01T01:11:49Z</time>
			</trkpt>
			<trkpt lat="46.07517957687378" lon="7.070882320404053">
				<ele>614.3099975585938</ele>
				<time>1970-01-01T01:12:12Z</time>
			</trkpt>
			<trkpt lat="46.07517957687378" lon="7.070882320404053">
				<ele>614.3099975585938</ele>
				<time>1970-01-01T01:12:12Z</time>
			</trkpt>
			<trkpt lat="46.075265407562256" lon="7.071418762207031">
				<ele>616.7000122070312</ele>
				<time>1970-01-01T01:12:43Z</time>
			</trkpt>
			<trkpt lat="46.07537269592285" lon="7.071805000305176">
				<ele>616.02001953125</ele>
				<time>1970-01-01T01:13:06Z</time>
			</trkpt>
			<trkpt lat="46.075501441955566" lon="7.072148323059082">
				<ele>615.7100219726562</ele>
				<time>1970-01-01T01:13:28Z</time>
			</trkpt>
			<trkpt lat="46.07567310333252" lon="7.07244873046875">
				<ele>615.9500122070312</ele>
				<time>1970-01-01T01:13:49Z</time>
			</trkpt>
			<trkpt lat="46.07567310333252" lon="7.07244873046875">
				<ele>615.9500122070312</ele>
				<time>1970-01-01T01:13:49Z</time>
			</trkpt>
			<trkpt lat="46.076037883758545" lon="7.073028087615967">
				<ele>615.6799926757812</ele>
				<time>1970-01-01T01:14:33Z</time>
			</trkpt>
			<trkpt lat="46.077003479003906" lon="7.074337005615234">
				<ele>616.75</ele>
				<time>1970-01-01T01:16:19Z</time>
			</trkpt>
			<trkpt lat="46.07734680175781" lon="7.075023651123047">
				<ele>617.5599975585938</ele>
				<time>1970-01-01T01:17:06Z</time>
			</trkpt>
			<trkpt lat="46.077561378479004" lon="7.075667381286621">
				<ele>617.989990234375</ele>
				<time>1970-01-01T01:17:45Z</time>
			</trkpt>
			<trkpt lat="46.07769012451172" lon="7.076547145843506">
				<ele>624.8099975585938</ele>
				<time>1970-01-01T01:18:35Z</time>
			</trkpt>
			<trkpt lat="46.07773303985596" lon="7.077598571777344">
				<ele>620.3499755859375</ele>
				<time>1970-01-01T01:19:34Z</time>
			</trkpt>
			<trkpt lat="46.077775955200195" lon="7.078027725219727">
				<ele>615.9099731445312</ele>
				<time>1970-01-01T01:19:58Z</time>
			</trkpt>
			<trkpt lat="46.07790470123291" lon="7.078542709350586">
				<ele>613.4400024414062</ele>
				<time>1970-01-01T01:20:28Z</time>
			</trkpt>
			<trkpt lat="46.078269481658936" lon="7.0797014236450195">
				<ele>612.2899780273438</ele>
				<time>1970-01-01T01:21:39Z</time>
			</trkpt>
			<trkpt lat="46.07839822769165" lon="7.080366611480713">
				<ele>611.1599731445312</ele>
				<time>1970-01-01T01:22:17Z</time>
			</trkpt>
			<trkpt lat="46.07844114303589" lon="7.080967426300049">
				<ele>615.4099731445312</ele>
				<time>1970-01-01T01:22:51Z</time>
			</trkpt>
			<trkpt lat="46.07841968536377" lon="7.0828986167907715">
				<ele>618.97998046875</ele>
				<time>1970-01-01T01:24:38Z</time>
			</trkpt>
			<trkpt lat="46.07846260070801" lon="7.0836710929870605">
				<ele>614.0700073242188</ele>
				<time>1970-01-01T01:25:21Z</time>
			</trkpt>
			<trkpt lat="46.078548431396484" lon="7.084100246429443">
				<ele>613.3699951171875</ele>
				<time>1970-01-01T01:25:46Z</time>
			</trkpt>
			<trkpt lat="46.07865571975708" lon="7.084400653839111">
				<ele>613.3599853515625</ele>
				<time>1970-01-01T01:26:05Z</time>
			</trkpt>
			<trkpt lat="46.07893466949463" lon="7.08493709564209">
				<ele>613.8200073242188</ele>
				<time>1970-01-01T01:26:42Z</time>
			</trkpt>
			<trkpt lat="46.07893466949463" lon="7.08493709564209">
				<ele>613.8200073242188</ele>
				<time>1970-01-01T01:26:42Z</time>
			</trkpt>
			<trkpt lat="46.079299449920654" lon="7.0853447914123535">
				<ele>615.8200073242188</ele>
				<time>1970-01-01T01:27:19Z</time>
			</trkpt>
			<trkpt lat="46.0801362991333" lon="7.085988521575928">
				<ele>616.8499755859375</ele>
				<time>1970-01-01T01:28:35Z</time>
			</trkpt>
			<trkpt lat="46.08043670654297" lon="7.086353302001953">
				<ele>618.5800170898438</ele>
				<time>1970-01-01T01:29:07Z</time>
			</trkpt>
			<trkpt lat="46.08067274093628" lon="7.086782455444336">
				<ele>619.1199951171875</ele>
				<time>1970-01-01T01:29:37Z</time>
			</trkpt>
			<trkpt lat="46.080801486968994" lon="7.087147235870361">
				<ele>619.8300170898438</ele>
				<time>1970-01-01T01:30:00Z</time>
			</trkpt>
			<trkpt lat="46.08088731765747" lon="7.087640762329102">
				<ele>618.469970703125</ele>
				<time>1970-01-01T01:30:28Z</time>
			</trkpt>
			<trkpt lat="46.08090877532959" lon="7.0880913734436035">
				<ele>615.0700073242188</ele>
				<time>1970-01-01T01:30:53Z</time>
			</trkpt>
			<trkpt lat="46.08086585998535" lon="7.088906764984131">
				<ele>614.3099975585938</ele>
				<time>1970-01-01T01:31:38Z</time>
			</trkpt>
			<trkpt lat="46.08086585998535" lon="7.088906764984131">
				<ele>614.3099975585938</ele>
				<time>1970-01-01T01:31:38Z</time>
			</trkpt>
			<trkpt lat="46.08082294464111" lon="7.08967924118042">
				<ele>616.739990234375</ele>
				<time>1970-01-01T01:32:22Z</time>
			</trkpt>
			<trkpt lat="46.08082294464111" lon="7.08967924118042">
				<ele>616.739990234375</ele>
				<time>1970-01-01T01:32:22Z</time>
			</trkpt>
			<trkpt lat="46.080780029296875" lon="7.090258598327637">
				<ele>621.9500122070312</ele>
				<time>1970-01-01T01:32:54Z</time>
			</trkpt>
			<trkpt lat="46.08084440231323" lon="7.0909881591796875">
				<ele>617.9299926757812</ele>
				<time>1970-01-01T01:33:35Z</time>
			</trkpt>
			<trkpt lat="46.080994606018066" lon="7.091717720031738">
				<ele>616.1900024414062</ele>
				<time>1970-01-01T01:34:17Z</time>
			</trkpt>
			<trkpt lat="46.08123064041138" lon="7.092339992523193">
				<ele>615.1799926757812</ele>
				<time>1970-01-01T01:34:56Z</time>
			</trkpt>
			<trkpt lat="46.08123064041138" lon="7.092339992523193">
				<ele>615.1799926757812</ele>
				<time>1970-01-01T01:34:56Z</time>
			</trkpt>
			<trkpt lat="46.081509590148926" lon="7.093005180358887">
				<ele>618.8499755859375</ele>
				<time>1970-01-01T01:35:40Z</time>
			</trkpt>
			<trkpt lat="46.081509590148926" lon="7.093005180358887">
				<ele>618.8499755859375</ele>
				<time>1970-01-01T01:35:40Z</time>
			</trkpt>
			<trkpt lat="46.08157396316528" lon="7.09317684173584">
				<ele>619.5</ele>
				<time>1970-01-01T01:35:50Z</time>
			</trkpt>
			<trkpt lat="46.08157396316528" lon="7.09317684173584">
				<ele>619.5</ele>
				<time>1970-01-01T01:35:50Z</time>
			</trkpt>
			<trkpt lat="46.081809997558594" lon="7.093756198883057">
				<ele>622.6799926757812</ele>
				<time>1970-01-01T01:36:28Z</time>
			</trkpt>
			<trkpt lat="46.08198165893555" lon="7.094142436981201">
				<ele>628.3699951171875</ele>
				<time>1970-01-01T01:36:53Z</time>
			</trkpt>
			<trkpt lat="46.08198165893555" lon="7.094142436981201">
				<ele>628.3699951171875</ele>
				<time>1970-01-01T01:36:53Z</time>
			</trkpt>
			<trkpt lat="46.082024574279785" lon="7.094271183013916">
				<ele>628.1699829101562</ele>
				<time>1970-01-01T01:37:01Z</time>
			</trkpt>
			<trkpt lat="46.082024574279785" lon="7.094271183013916">
				<ele>628.1699829101562</ele>
				<time>1970-01-01T01:37:01Z</time>
			</trkpt>
			<trkpt lat="46.08219623565674" lon="7.095000743865967">
				<ele>629.8200073242188</ele>
				<time>1970-01-01T01:37:44Z</time>
			</trkpt>
			<trkpt lat="46.082260608673096" lon="7.095515727996826">
				<ele>635.5999755859375</ele>
				<time>1970-01-01T01:38:13Z</time>
			</trkpt>
			<trkpt lat="46.082303524017334" lon="7.096052169799805">
				<ele>637.8699951171875</ele>
				<time>1970-01-01T01:38:43Z</time>
			</trkpt>
			<trkpt lat="46.082303524017334" lon="7.096052169799805">
				<ele>637.8699951171875</ele>
				<time>1970-01-01T01:38:43Z</time>
			</trkpt>
			<trkpt lat="46.082282066345215" lon="7.09691047668457">
				<ele>635.9000244140625</ele>
				<time>1970-01-01T01:39:31Z</time>
			</trkpt>
			<trkpt lat="46.08221769332886" lon="7.097876071929932">
				<ele>633.4500122070312</ele>
				<time>1970-01-01T01:40:25Z</time>
			</trkpt>
			<trkpt lat="46.08221769332886" lon="7.097876071929932">
				<ele>633.4500122070312</ele>
				<time>1970-01-01T01:40:25Z</time>
			</trkpt>
			<trkpt lat="46.08213186264038" lon="7.0992279052734375">
				<ele>632.3200073242188</ele>
				<time>1970-01-01T01:41:40Z</time>
			</trkpt>
			<trkpt lat="46.08208894729614" lon="7.099957466125488">
				<ele>635.239990234375</ele>
				<time>1970-01-01T01:42:21Z</time>
			</trkpt>
			<trkpt lat="46.082003116607666" lon="7.1018242835998535">
				<ele>653.5</ele>
				<time>1970-01-01T01:44:05Z</time>
			</trkpt>
			<trkpt lat="46.08196020126343" lon="7.103090286254883">
				<ele>662.8499755859375</ele>
				<time>1970-01-01T01:45:15Z</time>
			</trkpt>
			<trkpt lat="46.08193874359131" lon="7.103819847106934">
				<ele>668.3200073242188</ele>
				<time>1970-01-01T01:45:56Z</time>
			</trkpt>
			<trkpt lat="46.08193874359131" lon="7.103819847106934">
				<ele>668.3200073242188</ele>
				<time>1970-01-01T01:45:56Z</time>
			</trkpt>
			<trkpt lat="46.08187437057495" lon="7.104785442352295">
				<ele>642.27001953125</ele>
				<time>1970-01-01T01:46:49Z</time>
			</trkpt>
			<trkpt lat="46.081745624542236" lon="7.1057939529418945">
				<ele>643.0499877929688</ele>
				<time>1970-01-01T01:47:46Z</time>
			</trkpt>
			<trkpt lat="46.08135938644409" lon="7.10766077041626">
				<ele>661.1099853515625</ele>
				<time>1970-01-01T01:49:35Z</time>
			</trkpt>
			<trkpt lat="46.081273555755615" lon="7.108476161956787">
				<ele>665.719970703125</ele>
				<time>1970-01-01T01:50:20Z</time>
			</trkpt>
			<trkpt lat="46.081252098083496" lon="7.109827995300293">
				<ele>670.9099731445312</ele>
				<time>1970-01-01T01:51:36Z</time>
			</trkpt>
			<trkpt lat="46.08118772506714" lon="7.1105146408081055">
				<ele>665.2999877929688</ele>
				<time>1970-01-01T01:52:14Z</time>
			</trkpt>
			<trkpt lat="46.08108043670654" lon="7.111222743988037">
				<ele>670.9400024414062</ele>
				<time>1970-01-01T01:52:54Z</time>
			</trkpt>
			<trkpt lat="46.08090877532959" lon="7.111952304840088">
				<ele>668.8300170898438</ele>
				<time>1970-01-01T01:53:37Z</time>
			</trkpt>
			<trkpt lat="46.08090877532959" lon="7.111952304840088">
				<ele>668.8300170898438</ele>
				<time>1970-01-01T01:53:37Z</time>
			</trkpt>
			<trkpt lat="46.08084440231323" lon="7.112166881561279">
				<ele>668.5</ele>
				<time>1970-01-01T01:53:50Z</time>
			</trkpt>
			<trkpt lat="46.08071565628052" lon="7.112617492675781">
				<ele>670.4199829101562</ele>
				<time>1970-01-01T01:54:17Z</time>
			</trkpt>
			<trkpt lat="46.08071565628052" lon="7.112617492675781">
				<ele>670.4199829101562</ele>
				<time>1970-01-01T01:54:17Z</time>
			</trkpt>
			<trkpt lat="46.080522537231445" lon="7.113626003265381">
				<ele>674.22998046875</ele>
				<time>1970-01-01T01:55:15Z</time>
			</trkpt>
			<trkpt lat="46.080522537231445" lon="7.113626003265381">
				<ele>674.22998046875</ele>
				<time>1970-01-01T01:55:15Z</time>
			</trkpt>
			<trkpt lat="46.08039379119873" lon="7.115428447723389">
				<ele>674.0599975585938</ele>
				<time>1970-01-01T01:56:56Z</time>
			</trkpt>
			<trkpt lat="46.080265045166016" lon="7.116093635559082">
				<ele>682.4099731445312</ele>
				<time>1970-01-01T01:57:34Z</time>
			</trkpt>
			<trkpt lat="46.080007553100586" lon="7.116951942443848">
				<ele>683.0900268554688</ele>
				<time>1970-01-01T01:58:26Z</time>
			</trkpt>
			<trkpt lat="46.07987880706787" lon="7.117445468902588">
				<ele>681.0700073242188</ele>
				<time>1970-01-01T01:58:55Z</time>
			</trkpt>
			<trkpt lat="46.07962131500244" lon="7.119269371032715">
				<ele>682.2899780273438</ele>
				<time>1970-01-01T02:00:39Z</time>
			</trkpt>
			<trkpt lat="46.07947111129761" lon="7.120106220245361">
				<ele>681.5</ele>
				<time>1970-01-01T02:01:27Z</time>
			</trkpt>
			<trkpt lat="46.07947111129761" lon="7.120106220245361">
				<ele>681.5</ele>
				<time>1970-01-01T02:01:27Z</time>
			</trkpt>
			<trkpt lat="46.07936382293701" lon="7.1202778816223145">
				<ele>680.3300170898438</ele>
				<time>1970-01-01T02:01:40Z</time>
			</trkpt>
			<trkpt lat="46.07919216156006" lon="7.120857238769531">
				<ele>691.739990234375</ele>
				<time>1970-01-01T02:02:15Z</time>
			</trkpt>
			<trkpt lat="46.07919216156006" lon="7.120857238769531">
				<ele>691.739990234375</ele>
				<time>1970-01-01T02:02:15Z</time>
			</trkpt>
			<trkpt lat="46.07884883880615" lon="7.121994495391846">
				<ele>707.6900024414062</ele>
				<time>1970-01-01T02:03:24Z</time>
			</trkpt>
			<trkpt lat="46.07884883880615" lon="7.121994495391846">
				<ele>707.6900024414062</ele>
				<time>1970-01-01T02:03:24Z</time>
			</trkpt>
			<trkpt lat="46.078269481658936" lon="7.123990058898926">
				<ele>697.0599975585938</ele>
				<time>1970-01-01T02:05:24Z</time>
			</trkpt>
			<trkpt lat="46.0782265663147" lon="7.124333381652832">
				<ele>697.719970703125</ele>
				<time>1970-01-01T02:05:43Z</time>
			</trkpt>
			<trkpt lat="46.07820510864258" lon="7.12512731552124">
				<ele>694.0499877929688</ele>
				<time>1970-01-01T02:06:27Z</time>
			</trkpt>
			<trkpt lat="46.07833385467529" lon="7.12587833404541">
				<ele>692.489990234375</ele>
				<time>1970-01-01T02:07:10Z</time>
			</trkpt>
			<trkpt lat="46.07844114303589" lon="7.1262431144714355">
				<ele>691.4299926757812</ele>
				<time>1970-01-01T02:07:32Z</time>
			</trkpt>
			<trkpt lat="46.07861280441284" lon="7.126586437225342">
				<ele>693.0900268554688</ele>
				<time>1970-01-01T02:07:56Z</time>
			</trkpt>
			<trkpt lat="46.079020500183105" lon="7.127251625061035">
				<ele>694.9500122070312</ele>
				<time>1970-01-01T02:08:45Z</time>
			</trkpt>
			<trkpt lat="46.079020500183105" lon="7.127251625061035">
				<ele>694.9500122070312</ele>
				<time>1970-01-01T02:08:45Z</time>
			</trkpt>
			<trkpt lat="46.079256534576416" lon="7.12787389755249">
				<ele>696.0900268554688</ele>
				<time>1970-01-01T02:09:24Z</time>
			</trkpt>
			<trkpt lat="46.07936382293701" lon="7.12838888168335">
				<ele>694.469970703125</ele>
				<time>1970-01-01T02:09:54Z</time>
			</trkpt>
			<trkpt lat="46.07940673828125" lon="7.128710746765137">
				<ele>694.3900146484375</ele>
				<time>1970-01-01T02:10:13Z</time>
			</trkpt>
			<trkpt lat="46.07942819595337" lon="7.129247188568115">
				<ele>694.6699829101562</ele>
				<time>1970-01-01T02:10:42Z</time>
			</trkpt>
			<trkpt lat="46.07938528060913" lon="7.129826545715332">
				<ele>699.5999755859375</ele>
				<time>1970-01-01T02:11:15Z</time>
			</trkpt>
			<trkpt lat="46.079299449920654" lon="7.1303629875183105">
				<ele>702.4000244140625</ele>
				<time>1970-01-01T02:11:45Z</time>
			</trkpt>
			<trkpt lat="46.07908487319946" lon="7.131178379058838">
				<ele>700.8200073242188</ele>
				<time>1970-01-01T02:12:34Z</time>
			</trkpt>
			<trkpt lat="46.07908487319946" lon="7.131178379058838">
				<ele>700.8200073242188</ele>
				<time>1970-01-01T02:12:34Z</time>
			</trkpt>
			<trkpt lat="46.07893466949463" lon="7.131650447845459">
				<ele>695.02001953125</ele>
				<time>1970-01-01T02:13:03Z</time>
			</trkpt>
			<trkpt lat="46.07882738113403" lon="7.131993770599365">
				<ele>692.8499755859375</ele>
				<time>1970-01-01T02:13:24Z</time>
			</trkpt>
			<trkpt lat="46.07837677001953" lon="7.133302688598633">
				<ele>691.5900268554688</ele>
				<time>1970-01-01T02:14:45Z</time>
			</trkpt>
			<trkpt lat="46.07837677001953" lon="7.133302688598633">
				<ele>691.5900268554688</ele>
				<time>1970-01-01T02:14:45Z</time>
			</trkpt>
			<trkpt lat="46.07833385467529" lon="7.1334099769592285">
				<ele>691.2899780273438</ele>
				<time>1970-01-01T02:14:52Z</time>
			</trkpt>
			<trkpt lat="46.07833385467529" lon="7.1334099769592285">
				<ele>691.2899780273438</ele>
				<time>1970-01-01T02:14:52Z</time>
			</trkpt>
			<trkpt lat="46.07820510864258" lon="7.134075164794922">
				<ele>692.1500244140625</ele>
				<time>1970-01-01T02:15:30Z</time>
			</trkpt>
			<trkpt lat="46.07809782028198" lon="7.135019302368164">
				<ele>693.4099731445312</ele>
				<time>1970-01-01T02:16:23Z</time>
			</trkpt>
			<trkpt lat="46.07809782028198" lon="7.135019302368164">
				<ele>693.4099731445312</ele>
				<time>1970-01-01T02:16:23Z</time>
			</trkpt>
			<trkpt lat="46.07807636260986" lon="7.135512828826904">
				<ele>691.719970703125</ele>
				<time>1970-01-01T02:16:51Z</time>
			</trkpt>
			<trkpt lat="46.07807636260986" lon="7.135512828826904">
				<ele>691.719970703125</ele>
				<time>1970-01-01T02:16:51Z</time>
			</trkpt>
			<trkpt lat="46.078011989593506" lon="7.135963439941406">
				<ele>693.5700073242188</ele>
				<time>1970-01-01T02:17:16Z</time>
			</trkpt>
			<trkpt lat="46.07796907424927" lon="7.137014865875244">
				<ele>693.6599731445312</ele>
				<time>1970-01-01T02:18:15Z</time>
			</trkpt>
			<trkpt lat="46.07792615890503" lon="7.137207984924316">
				<ele>693.1300048828125</ele>
				<time>1970-01-01T02:18:26Z</time>
			</trkpt>
			<trkpt lat="46.07792615890503" lon="7.137207984924316">
				<ele>693.1300048828125</ele>
				<time>1970-01-01T02:18:26Z</time>
			</trkpt>
			<trkpt lat="46.07786178588867" lon="7.13735818862915">
				<ele>693.8300170898438</ele>
				<time>1970-01-01T02:18:36Z</time>
			</trkpt>
			<trkpt lat="46.07790470123291" lon="7.137465476989746">
				<ele>693.6099853515625</ele>
				<time>1970-01-01T02:18:43Z</time>
			</trkpt>
			<trkpt lat="46.07790470123291" lon="7.137465476989746">
				<ele>693.6099853515625</ele>
				<time>1970-01-01T02:18:43Z</time>
			</trkpt>
			<trkpt lat="46.07794761657715" lon="7.137765884399414">
				<ele>694.3200073242188</ele>
				<time>1970-01-01T02:19:00Z</time>
			</trkpt>
			<trkpt lat="46.07796907424927" lon="7.139954566955566">
				<ele>697.8699951171875</ele>
				<time>1970-01-01T02:21:01Z</time>
			</trkpt>
			<trkpt lat="46.07799053192139" lon="7.140147686004639">
				<ele>698.3200073242188</ele>
				<time>1970-01-01T02:21:12Z</time>
			</trkpt>
			<trkpt lat="46.07799053192139" lon="7.1405768394470215">
				<ele>699.8599853515625</ele>
				<time>1970-01-01T02:21:36Z</time>
			</trkpt>
			<trkpt lat="46.07799053192139" lon="7.1405768394470215">
				<ele>699.8599853515625</ele>
				<time>1970-01-01T02:21:36Z</time>
			</trkpt>
			<trkpt lat="46.07807636260986" lon="7.141284942626953">
				<ele>701.510009765625</ele>
				<time>1970-01-01T02:22:16Z</time>
			</trkpt>
			<trkpt lat="46.07807636260986" lon="7.141284942626953">
				<ele>701.510009765625</ele>
				<time>1970-01-01T02:22:16Z</time>
			</trkpt>
			<trkpt lat="46.07809782028198" lon="7.141478061676025">
				<ele>700.1699829101562</ele>
				<time>1970-01-01T02:22:27Z</time>
			</trkpt>
			<trkpt lat="46.07809782028198" lon="7.141478061676025">
				<ele>700.1699829101562</ele>
				<time>1970-01-01T02:22:27Z</time>
			</trkpt>
			<trkpt lat="46.07816219329834" lon="7.141971588134766">
				<ele>698.1900024414062</ele>
				<time>1970-01-01T02:22:55Z</time>
			</trkpt>
			<trkpt lat="46.078248023986816" lon="7.142529487609863">
				<ele>699.3499755859375</ele>
				<time>1970-01-01T02:23:26Z</time>
			</trkpt>
			<trkpt lat="46.078248023986816" lon="7.142529487609863">
				<ele>699.3499755859375</ele>
				<time>1970-01-01T02:23:26Z</time>
			</trkpt>
			<trkpt lat="46.07835531234741" lon="7.1431732177734375">
				<ele>700.010009765625</ele>
				<time>1970-01-01T02:24:03Z</time>
			</trkpt>
			<trkpt lat="46.07835531234741" lon="7.1431732177734375">
				<ele>700.010009765625</ele>
				<time>1970-01-01T02:24:03Z</time>
			</trkpt>
			<trkpt lat="46.07848405838013" lon="7.143516540527344">
				<ele>700.1599731445312</ele>
				<time>1970-01-01T02:24:25Z</time>
			</trkpt>
			<trkpt lat="46.07848405838013" lon="7.143516540527344">
				<ele>700.1599731445312</ele>
				<time>1970-01-01T02:24:25Z</time>
			</trkpt>
			<trkpt lat="46.078548431396484" lon="7.143709659576416">
				<ele>701.5499877929688</ele>
				<time>1970-01-01T02:24:37Z</time>
			</trkpt>
			<trkpt lat="46.078548431396484" lon="7.143709659576416">
				<ele>701.5499877929688</ele>
				<time>1970-01-01T02:24:37Z</time>
			</trkpt>
			<trkpt lat="46.078784465789795" lon="7.144160270690918">
				<ele>702.239990234375</ele>
				<time>1970-01-01T02:25:08Z</time>
			</trkpt>
			<trkpt lat="46.07891321182251" lon="7.144503593444824">
				<ele>701.4000244140625</ele>
				<time>1970-01-01T02:25:30Z</time>
			</trkpt>
			<trkpt lat="46.07897758483887" lon="7.144825458526611">
				<ele>699.780029296875</ele>
				<time>1970-01-01T02:25:48Z</time>
			</trkpt>
			<trkpt lat="46.078999042510986" lon="7.145190238952637">
				<ele>700.0399780273438</ele>
				<time>1970-01-01T02:26:09Z</time>
			</trkpt>
			<trkpt lat="46.078999042510986" lon="7.145190238952637">
				<ele>700.0399780273438</ele>
				<time>1970-01-01T02:26:09Z</time>
			</trkpt>
			<trkpt lat="46.07897758483887" lon="7.145340442657471">
				<ele>700.5800170898438</ele>
				<time>1970-01-01T02:26:17Z</time>
			</trkpt>
			<trkpt lat="46.07897758483887" lon="7.145340442657471">
				<ele>700.5800170898438</ele>
				<time>1970-01-01T02:26:17Z</time>
			</trkpt>
			<trkpt lat="46.07895612716675" lon="7.14536190032959">
				<ele>700.6599731445312</ele>
				<time>1970-01-01T02:26:19Z</time>
			</trkpt>
			<trkpt lat="46.07893466949463" lon="7.145490646362305">
				<ele>700.7000122070312</ele>
				<time>1970-01-01T02:26:27Z</time>
			</trkpt>
			<trkpt lat="46.07895612716675" lon="7.145576477050781">
				<ele>701.0900268554688</ele>
				<time>1970-01-01T02:26:32Z</time>
			</trkpt>
			<trkpt lat="46.07895612716675" lon="7.145576477050781">
				<ele>701.0900268554688</ele>
				<time>1970-01-01T02:26:32Z</time>
			</trkpt>
			<trkpt lat="46.078999042510986" lon="7.1456193923950195">
				<ele>701.4000244140625</ele>
				<time>1970-01-01T02:26:36Z</time>
			</trkpt>
			<trkpt lat="46.078999042510986" lon="7.1456193923950195">
				<ele>701.4000244140625</ele>
				<time>1970-01-01T02:26:36Z</time>
			</trkpt>
			<trkpt lat="46.07908487319946" lon="7.146048545837402">
				<ele>702.260009765625</ele>
				<time>1970-01-01T02:27:01Z</time>
			</trkpt>
			<trkpt lat="46.07908487319946" lon="7.146048545837402">
				<ele>702.260009765625</ele>
				<time>1970-01-01T02:27:01Z</time>
			</trkpt>
			<trkpt lat="46.07921361923218" lon="7.148194313049316">
				<ele>711.8699951171875</ele>
				<time>1970-01-01T02:29:00Z</time>
			</trkpt>
			<trkpt lat="46.07921361923218" lon="7.148194313049316">
				<ele>711.8699951171875</ele>
				<time>1970-01-01T02:29:00Z</time>
			</trkpt>
			<trkpt lat="46.07934236526489" lon="7.149782180786133">
				<ele>714.77001953125</ele>
				<time>1970-01-01T02:30:29Z</time>
			</trkpt>
			<trkpt lat="46.07921361923218" lon="7.151477336883545">
				<ele>717.5900268554688</ele>
				<time>1970-01-01T02:32:04Z</time>
			</trkpt>
			<trkpt lat="46.07921361923218" lon="7.151477336883545">
				<ele>717.5900268554688</ele>
				<time>1970-01-01T02:32:04Z</time>
			</trkpt>
			<trkpt lat="46.07919216156006" lon="7.151799201965332">
				<ele>716.4400024414062</ele>
				<time>1970-01-01T02:32:22Z</time>
			</trkpt>
			<trkpt lat="46.07919216156006" lon="7.151799201965332">
				<ele>716.4400024414062</ele>
				<time>1970-01-01T02:32:22Z</time>
			</trkpt>
			<trkpt lat="46.07919216156006" lon="7.151820659637451">
				<ele>716.2899780273438</ele>
				<time>1970-01-01T02:32:23Z</time>
			</trkpt>
			<trkpt lat="46.07919216156006" lon="7.151820659637451">
				<ele>716.2899780273438</ele>
				<time>1970-01-01T02:32:23Z</time>
			</trkpt>
			<trkpt lat="46.07914924621582" lon="7.152099609375">
				<ele>713.8499755859375</ele>
				<time>1970-01-01T02:32:39Z</time>
			</trkpt>
			<trkpt lat="46.0791277885437" lon="7.152464389801025">
				<ele>711.760009765625</ele>
				<time>1970-01-01T02:32:59Z</time>
			</trkpt>
			<trkpt lat="46.07910633087158" lon="7.152507305145264">
				<ele>711.2000122070312</ele>
				<time>1970-01-01T02:33:02Z</time>
			</trkpt>
			<trkpt lat="46.07910633087158" lon="7.152507305145264">
				<ele>711.2000122070312</ele>
				<time>1970-01-01T02:33:02Z</time>
			</trkpt>
			<trkpt lat="46.079020500183105" lon="7.152807712554932">
				<ele>710.0999755859375</ele>
				<time>1970-01-01T02:33:20Z</time>
			</trkpt>
			<trkpt lat="46.079020500183105" lon="7.152807712554932">
				<ele>710.0999755859375</ele>
				<time>1970-01-01T02:33:20Z</time>
			</trkpt>
			<trkpt lat="46.078999042510986" lon="7.152872085571289">
				<ele>710.1799926757812</ele>
				<time>1970-01-01T02:33:24Z</time>
			</trkpt>
			<trkpt lat="46.078999042510986" lon="7.152872085571289">
				<ele>710.1799926757812</ele>
				<time>1970-01-01T02:33:24Z</time>
			</trkpt>
			<trkpt lat="46.079041957855225" lon="7.152957916259766">
				<ele>710.0900268554688</ele>
				<time>1970-01-01T02:33:30Z</time>
			</trkpt>
			<trkpt lat="46.079041957855225" lon="7.152957916259766">
				<ele>710.0900268554688</ele>
				<time>1970-01-01T02:33:30Z</time>
			</trkpt>
			<trkpt lat="46.079063415527344" lon="7.1530866622924805">
				<ele>711.8400268554688</ele>
				<time>1970-01-01T02:33:37Z</time>
			</trkpt>
			<trkpt lat="46.079063415527344" lon="7.1530866622924805">
				<ele>711.8400268554688</ele>
				<time>1970-01-01T02:33:37Z</time>
			</trkpt>
			<trkpt lat="46.07908487319946" lon="7.153193950653076">
				<ele>713.3800048828125</ele>
				<time>1970-01-01T02:33:44Z</time>
			</trkpt>
			<trkpt lat="46.07908487319946" lon="7.153193950653076">
				<ele>713.3800048828125</ele>
				<time>1970-01-01T02:33:44Z</time>
			</trkpt>
			<trkpt lat="46.07919216156006" lon="7.153644561767578">
				<ele>718.4500122070312</ele>
				<time>1970-01-01T02:34:10Z</time>
			</trkpt>
			<trkpt lat="46.07947111129761" lon="7.154181003570557">
				<ele>720.47998046875</ele>
				<time>1970-01-01T02:34:47Z</time>
			</trkpt>
			<trkpt lat="46.07947111129761" lon="7.154181003570557">
				<ele>720.47998046875</ele>
				<time>1970-01-01T02:34:47Z</time>
			</trkpt>
			<trkpt lat="46.079514026641846" lon="7.154223918914795">
				<ele>720.469970703125</ele>
				<time>1970-01-01T02:34:52Z</time>
			</trkpt>
			<trkpt lat="46.079514026641846" lon="7.154223918914795">
				<ele>720.469970703125</ele>
				<time>1970-01-01T02:34:52Z</time>
			</trkpt>
			<trkpt lat="46.0802435874939" lon="7.155275344848633">
				<ele>723.489990234375</ele>
				<time>1970-01-01T02:36:14Z</time>
			</trkpt>
			<trkpt lat="46.0802435874939" lon="7.155275344848633">
				<ele>723.489990234375</ele>
				<time>1970-01-01T02:36:14Z</time>
			</trkpt>
			<trkpt lat="46.080543994903564" lon="7.1556830406188965">
				<ele>726.4000244140625</ele>
				<time>1970-01-01T02:36:47Z</time>
			</trkpt>
			<trkpt lat="46.08062982559204" lon="7.155811786651611">
				<ele>728.0</ele>
				<time>1970-01-01T02:36:57Z</time>
			</trkpt>
			<trkpt lat="46.08095169067383" lon="7.156391143798828">
				<ele>734.3800048828125</ele>
				<time>1970-01-01T02:37:38Z</time>
			</trkpt>
			<trkpt lat="46.08095169067383" lon="7.156391143798828">
				<ele>734.3800048828125</ele>
				<time>1970-01-01T02:37:38Z</time>
			</trkpt>
			<trkpt lat="46.08123064041138" lon="7.157013416290283">
				<ele>734.9500122070312</ele>
				<time>1970-01-01T02:38:20Z</time>
			</trkpt>
			<trkpt lat="46.08140230178833" lon="7.157657146453857">
				<ele>731.22998046875</ele>
				<time>1970-01-01T02:38:58Z</time>
			</trkpt>
			<trkpt lat="46.08140230178833" lon="7.157657146453857">
				<ele>731.22998046875</ele>
				<time>1970-01-01T02:38:58Z</time>
			</trkpt>
			<trkpt lat="46.081509590148926" lon="7.157657146453857">
				<ele>732.77001953125</ele>
				<time>1970-01-01T02:39:06Z</time>
			</trkpt>
			<trkpt lat="46.08168125152588" lon="7.157785892486572">
				<ele>733.9500122070312</ele>
				<time>1970-01-01T02:39:22Z</time>
			</trkpt>
			<trkpt lat="46.08168125152588" lon="7.157785892486572">
				<ele>733.9500122070312</ele>
				<time>1970-01-01T02:39:22Z</time>
			</trkpt>
			<trkpt lat="46.08241081237793" lon="7.158665657043457">
				<ele>746.8800048828125</ele>
				<time>1970-01-01T02:40:38Z</time>
			</trkpt>
			<trkpt lat="46.082561016082764" lon="7.159116268157959">
				<ele>747.5499877929688</ele>
				<time>1970-01-01T02:41:06Z</time>
			</trkpt>
			<trkpt lat="46.08262538909912" lon="7.159373760223389">
				<ele>748.5700073242188</ele>
				<time>1970-01-01T02:41:21Z</time>
			</trkpt>
			<trkpt lat="46.08262538909912" lon="7.159867286682129">
				<ele>751.2100219726562</ele>
				<time>1970-01-01T02:41:48Z</time>
			</trkpt>
			<trkpt lat="46.08262538909912" lon="7.1601033210754395">
				<ele>752.2000122070312</ele>
				<time>1970-01-01T02:42:02Z</time>
			</trkpt>
			<trkpt lat="46.08264684677124" lon="7.160532474517822">
				<ele>752.8800048828125</ele>
				<time>1970-01-01T02:42:25Z</time>
			</trkpt>
			<trkpt lat="46.08264684677124" lon="7.160897254943848">
				<ele>752.9400024414062</ele>
				<time>1970-01-01T02:42:46Z</time>
			</trkpt>
			<trkpt lat="46.08266830444336" lon="7.1610260009765625">
				<ele>753.0900268554688</ele>
				<time>1970-01-01T02:42:53Z</time>
			</trkpt>
			<trkpt lat="46.08290433883667" lon="7.161970138549805">
				<ele>758.6099853515625</ele>
				<time>1970-01-01T02:43:49Z</time>
			</trkpt>
			<trkpt lat="46.08290433883667" lon="7.161970138549805">
				<ele>758.6099853515625</ele>
				<time>1970-01-01T02:43:49Z</time>
			</trkpt>
			<trkpt lat="46.083033084869385" lon="7.162184715270996">
				<ele>761.4299926757812</ele>
				<time>1970-01-01T02:44:05Z</time>
			</trkpt>
			<trkpt lat="46.08311891555786" lon="7.162313461303711">
				<ele>763.239990234375</ele>
				<time>1970-01-01T02:44:15Z</time>
			</trkpt>
			<trkpt lat="46.083805561065674" lon="7.162978649139404">
				<ele>772.4600219726562</ele>
				<time>1970-01-01T02:45:21Z</time>
			</trkpt>
			<trkpt lat="46.084020137786865" lon="7.163364887237549">
				<ele>776.6699829101562</ele>
				<time>1970-01-01T02:45:48Z</time>
			</trkpt>
			<trkpt lat="46.08414888381958" lon="7.163729667663574">
				<ele>780.22998046875</ele>
				<time>1970-01-01T02:46:11Z</time>
			</trkpt>
			<trkpt lat="46.08438491821289" lon="7.164502143859863">
				<ele>786.2899780273438</ele>
				<time>1970-01-01T02:46:58Z</time>
			</trkpt>
			<trkpt lat="46.08438491821289" lon="7.164502143859863">
				<ele>786.2899780273438</ele>
				<time>1970-01-01T02:46:58Z</time>
			</trkpt>
			<trkpt lat="46.08442783355713" lon="7.164652347564697">
				<ele>787.52001953125</ele>
				<time>1970-01-01T02:47:07Z</time>
			</trkpt>
			<trkpt lat="46.08442783355713" lon="7.164652347564697">
				<ele>787.52001953125</ele>
				<time>1970-01-01T02:47:07Z</time>
			</trkpt>
			<trkpt lat="46.084535121917725" lon="7.1651458740234375">
				<ele>792.0499877929688</ele>
				<time>1970-01-01T02:47:36Z</time>
			</trkpt>
			<trkpt lat="46.08464241027832" lon="7.165381908416748">
				<ele>795.9600219726562</ele>
				<time>1970-01-01T02:47:51Z</time>
			</trkpt>
			<trkpt lat="46.08464241027832" lon="7.165381908416748">
				<ele>795.9600219726562</ele>
				<time>1970-01-01T02:47:51Z</time>
			</trkpt>
			<trkpt lat="46.08481407165527" lon="7.165424823760986">
				<ele>797.2100219726562</ele>
				<time>1970-01-01T02:48:05Z</time>
			</trkpt>
			<trkpt lat="46.085758209228516" lon="7.165403366088867">
				<ele>807.6400146484375</ele>
				<time>1970-01-01T02:49:21Z</time>
			</trkpt>
			<trkpt lat="46.085758209228516" lon="7.165403366088867">
				<ele>807.6400146484375</ele>
				<time>1970-01-01T02:49:21Z</time>
			</trkpt>
			<trkpt lat="46.08623027801514" lon="7.165403366088867">
				<ele>811.8499755859375</ele>
				<time>1970-01-01T02:49:59Z</time>
			</trkpt>
			<trkpt lat="46.086530685424805" lon="7.165381908416748">
				<ele>814.3499755859375</ele>
				<time>1970-01-01T02:50:23Z</time>
			</trkpt>
			<trkpt lat="46.08661651611328" lon="7.165360450744629">
				<ele>814.72998046875</ele>
				<time>1970-01-01T02:50:30Z</time>
			</trkpt>
			<trkpt lat="46.08661651611328" lon="7.165360450744629">
				<ele>814.72998046875</ele>
				<time>1970-01-01T02:50:30Z</time>
			</trkpt>
			<trkpt lat="46.08668088912964" lon="7.16533899307251">
				<ele>815.0399780273438</ele>
				<time>1970-01-01T02:50:35Z</time>
			</trkpt>
			<trkpt lat="46.08668088912964" lon="7.16533899307251">
				<ele>815.0399780273438</ele>
				<time>1970-01-01T02:50:35Z</time>
			</trkpt>
			<trkpt lat="46.08691692352295" lon="7.165253162384033">
				<ele>817.8300170898438</ele>
				<time>1970-01-01T02:50:55Z</time>
			</trkpt>
			<trkpt lat="46.08691692352295" lon="7.165253162384033">
				<ele>817.8300170898438</ele>
				<time>1970-01-01T02:50:55Z</time>
			</trkpt>
			<trkpt lat="46.087260246276855" lon="7.165017127990723">
				<ele>826.5</ele>
				<time>1970-01-01T02:51:25Z</time>
			</trkpt>
			<trkpt lat="46.08734607696533" lon="7.1649956703186035">
				<ele>830.1300048828125</ele>
				<time>1970-01-01T02:51:32Z</time>
			</trkpt>
			<trkpt lat="46.08738899230957" lon="7.165060043334961">
				<ele>830.8900146484375</ele>
				<time>1970-01-01T02:51:37Z</time>
			</trkpt>
			<trkpt lat="46.08738899230957" lon="7.165060043334961">
				<ele>830.8900146484375</ele>
				<time>1970-01-01T02:51:37Z</time>
			</trkpt>
			<trkpt lat="46.08760356903076" lon="7.16609001159668">
				<ele>835.280029296875</ele>
				<time>1970-01-01T02:52:37Z</time>
			</trkpt>
			<trkpt lat="46.08760356903076" lon="7.16609001159668">
				<ele>835.280029296875</ele>
				<time>1970-01-01T02:52:37Z</time>
			</trkpt>
			<trkpt lat="46.08768939971924" lon="7.166690826416016">
				<ele>834.780029296875</ele>
				<time>1970-01-01T02:53:11Z</time>
			</trkpt>
			<trkpt lat="46.08762502670288" lon="7.167098522186279">
				<ele>835.3499755859375</ele>
				<time>1970-01-01T02:53:34Z</time>
			</trkpt>
			<trkpt lat="46.087517738342285" lon="7.167484760284424">
				<ele>835.2000122070312</ele>
				<time>1970-01-01T02:53:57Z</time>
			</trkpt>
			<trkpt lat="46.08734607696533" lon="7.167978286743164">
				<ele>834.9099731445312</ele>
				<time>1970-01-01T02:54:28Z</time>
			</trkpt>
			<trkpt lat="46.08715295791626" lon="7.168643474578857">
				<ele>839.2999877929688</ele>
				<time>1970-01-01T02:55:08Z</time>
			</trkpt>
			<trkpt lat="46.08713150024414" lon="7.169029712677002">
				<ele>843.1099853515625</ele>
				<time>1970-01-01T02:55:29Z</time>
			</trkpt>
			<trkpt lat="46.08713150024414" lon="7.169029712677002">
				<ele>843.1099853515625</ele>
				<time>1970-01-01T02:55:29Z</time>
			</trkpt>
			<trkpt lat="46.08713150024414" lon="7.1694159507751465">
				<ele>846.969970703125</ele>
				<time>1970-01-01T02:55:51Z</time>
			</trkpt>
			<trkpt lat="46.08689546585083" lon="7.170166969299316">
				<ele>849.5700073242188</ele>
				<time>1970-01-01T02:56:37Z</time>
			</trkpt>
			<trkpt lat="46.08680963516235" lon="7.170681953430176">
				<ele>850.8699951171875</ele>
				<time>1970-01-01T02:57:06Z</time>
			</trkpt>
			<trkpt lat="46.08680963516235" lon="7.170681953430176">
				<ele>850.8699951171875</ele>
				<time>1970-01-01T02:57:06Z</time>
			</trkpt>
			<trkpt lat="46.08670234680176" lon="7.1710896492004395">
				<ele>849.3200073242188</ele>
				<time>1970-01-01T02:57:30Z</time>
			</trkpt>
			<trkpt lat="46.08670234680176" lon="7.1710896492004395">
				<ele>849.3200073242188</ele>
				<time>1970-01-01T02:57:30Z</time>
			</trkpt>
			<trkpt lat="46.08657360076904" lon="7.171111106872559">
				<ele>848.25</ele>
				<time>1970-01-01T02:57:41Z</time>
			</trkpt>
			<trkpt lat="46.08592987060547" lon="7.171926498413086">
				<ele>846.0700073242188</ele>
				<time>1970-01-01T02:58:49Z</time>
			</trkpt>
			<trkpt lat="46.08592987060547" lon="7.171926498413086">
				<ele>846.0700073242188</ele>
				<time>1970-01-01T02:58:49Z</time>
			</trkpt>
			<trkpt lat="46.08571529388428" lon="7.172398567199707">
				<ele>845.969970703125</ele>
				<time>1970-01-01T02:59:21Z</time>
			</trkpt>
			<trkpt lat="46.08560800552368" lon="7.172913551330566">
				<ele>847.27001953125</ele>
				<time>1970-01-01T02:59:50Z</time>
			</trkpt>
			<trkpt lat="46.08535051345825" lon="7.174587249755859">
				<ele>849.5399780273438</ele>
				<time>1970-01-01T03:01:26Z</time>
			</trkpt>
			<trkpt lat="46.08520030975342" lon="7.17581033706665">
				<ele>850.1400146484375</ele>
				<time>1970-01-01T03:02:35Z</time>
			</trkpt>
			<trkpt lat="46.0851788520813" lon="7.1762824058532715">
				<ele>850.1099853515625</ele>
				<time>1970-01-01T03:03:01Z</time>
			</trkpt>
			<trkpt lat="46.08522176742554" lon="7.177097797393799">
				<ele>851.25</ele>
				<time>1970-01-01T03:03:46Z</time>
			</trkpt>
			<trkpt lat="46.08522176742554" lon="7.177398204803467">
				<ele>852.0</ele>
				<time>1970-01-01T03:04:03Z</time>
			</trkpt>
			<trkpt lat="46.08522176742554" lon="7.177398204803467">
				<ele>852.0</ele>
				<time>1970-01-01T03:04:03Z</time>
			</trkpt>
			<trkpt lat="46.085264682769775" lon="7.1778059005737305">
				<ele>851.0700073242188</ele>
				<time>1970-01-01T03:04:26Z</time>
			</trkpt>
			<trkpt lat="46.08532905578613" lon="7.178363800048828">
				<ele>851.3699951171875</ele>
				<time>1970-01-01T03:04:57Z</time>
			</trkpt>
			<trkpt lat="46.08532905578613" lon="7.178363800048828">
				<ele>851.3699951171875</ele>
				<time>1970-01-01T03:04:57Z</time>
			</trkpt>
			<trkpt lat="46.085500717163086" lon="7.1793293952941895">
				<ele>852.5399780273438</ele>
				<time>1970-01-01T03:05:53Z</time>
			</trkpt>
			<trkpt lat="46.085500717163086" lon="7.1793293952941895">
				<ele>852.5399780273438</ele>
				<time>1970-01-01T03:05:53Z</time>
			</trkpt>
			<trkpt lat="46.085543632507324" lon="7.179930210113525">
				<ele>850.5700073242188</ele>
				<time>1970-01-01T03:06:26Z</time>
			</trkpt>
			<trkpt lat="46.085543632507324" lon="7.179930210113525">
				<ele>850.5700073242188</ele>
				<time>1970-01-01T03:06:26Z</time>
			</trkpt>
			<trkpt lat="46.085543632507324" lon="7.180080413818359">
				<ele>850.8699951171875</ele>
				<time>1970-01-01T03:06:35Z</time>
			</trkpt>
			<trkpt lat="46.08560800552368" lon="7.180423736572266">
				<ele>852.8900146484375</ele>
				<time>1970-01-01T03:06:54Z</time>
			</trkpt>
			<trkpt lat="46.08560800552368" lon="7.180423736572266">
				<ele>852.8900146484375</ele>
				<time>1970-01-01T03:06:54Z</time>
			</trkpt>
			<trkpt lat="46.08558654785156" lon="7.180595397949219">
				<ele>853.0900268554688</ele>
				<time>1970-01-01T03:07:04Z</time>
			</trkpt>
			<trkpt lat="46.08537197113037" lon="7.181153297424316">
				<ele>850.5399780273438</ele>
				<time>1970-01-01T03:07:39Z</time>
			</trkpt>
			<trkpt lat="46.085243225097656" lon="7.182354927062988">
				<ele>847.6599731445312</ele>
				<time>1970-01-01T03:08:47Z</time>
			</trkpt>
			<trkpt lat="46.085286140441895" lon="7.182869911193848">
				<ele>846.7899780273438</ele>
				<time>1970-01-01T03:09:16Z</time>
			</trkpt>
			<trkpt lat="46.085286140441895" lon="7.182869911193848">
				<ele>846.7899780273438</ele>
				<time>1970-01-01T03:09:16Z</time>
			</trkpt>
			<trkpt lat="46.085543632507324" lon="7.183835506439209">
				<ele>847.1300048828125</ele>
				<time>1970-01-01T03:10:13Z</time>
			</trkpt>
			<trkpt lat="46.085543632507324" lon="7.183835506439209">
				<ele>847.1300048828125</ele>
				<time>1970-01-01T03:10:13Z</time>
			</trkpt>
			<trkpt lat="46.0856294631958" lon="7.184135913848877">
				<ele>844.9199829101562</ele>
				<time>1970-01-01T03:10:31Z</time>
			</trkpt>
			<trkpt lat="46.08584403991699" lon="7.184758186340332">
				<ele>843.8800048828125</ele>
				<time>1970-01-01T03:11:10Z</time>
			</trkpt>
			<trkpt lat="46.08584403991699" lon="7.184758186340332">
				<ele>843.8800048828125</ele>
				<time>1970-01-01T03:11:10Z</time>
			</trkpt>
			<trkpt lat="46.08646631240845" lon="7.187011241912842">
				<ele>837.260009765625</ele>
				<time>1970-01-01T03:13:25Z</time>
			</trkpt>
			<trkpt lat="46.08646631240845" lon="7.187011241912842">
				<ele>837.260009765625</ele>
				<time>1970-01-01T03:13:25Z</time>
			</trkpt>
			<trkpt lat="46.0870885848999" lon="7.189393043518066">
				<ele>834.47998046875</ele>
				<time>1970-01-01T03:15:46Z</time>
			</trkpt>
			<trkpt lat="46.08713150024414" lon="7.189629077911377">
				<ele>835.9500122070312</ele>
				<time>1970-01-01T03:15:59Z</time>
			</trkpt>
			<trkpt lat="46.08711004257202" lon="7.1897149085998535">
				<ele>835.6099853515625</ele>
				<time>1970-01-01T03:16:05Z</time>
			</trkpt>
			<trkpt lat="46.087002754211426" lon="7.189843654632568">
				<ele>833.3200073242188</ele>
				<time>1970-01-01T03:16:16Z</time>
			</trkpt>
			<trkpt lat="46.087002754211426" lon="7.189843654632568">
				<ele>833.3200073242188</ele>
				<time>1970-01-01T03:16:16Z</time>
			</trkpt>
			<trkpt lat="46.08680963516235" lon="7.189843654632568">
				<ele>827.2100219726562</ele>
				<time>1970-01-01T03:16:31Z</time>
			</trkpt>
			<trkpt lat="46.08680963516235" lon="7.189843654632568">
				<ele>827.2100219726562</ele>
				<time>1970-01-01T03:16:31Z</time>
			</trkpt>
			<trkpt lat="46.08680963516235" lon="7.189843654632568">
				<ele>827.2100219726562</ele>
				<time>1970-01-01T03:16:31Z</time>
			</trkpt>
			<trkpt lat="46.08680963516235" lon="7.1903157234191895">
				<ele>830.4199829101562</ele>
				<time>1970-01-01T03:16:57Z</time>
			</trkpt>
			<trkpt lat="46.08665943145752" lon="7.192032337188721">
				<ele>824.6699829101562</ele>
				<time>1970-01-01T03:18:33Z</time>
			</trkpt>
			<trkpt lat="46.0866379737854" lon="7.1929121017456055">
				<ele>821.0999755859375</ele>
				<time>1970-01-01T03:19:22Z</time>
			</trkpt>
			<trkpt lat="46.08661651611328" lon="7.194092273712158">
				<ele>821.6699829101562</ele>
				<time>1970-01-01T03:20:28Z</time>
			</trkpt>
			<trkpt lat="46.08659505844116" lon="7.195100784301758">
				<ele>821.02001953125</ele>
				<time>1970-01-01T03:21:24Z</time>
			</trkpt>
			<trkpt lat="46.086552143096924" lon="7.195680141448975">
				<ele>819.75</ele>
				<time>1970-01-01T03:21:56Z</time>
			</trkpt>
			<trkpt lat="46.08638048171997" lon="7.19679594039917">
				<ele>815.0499877929688</ele>
				<time>1970-01-01T03:23:00Z</time>
			</trkpt>
			<trkpt lat="46.086058616638184" lon="7.198469638824463">
				<ele>817.3900146484375</ele>
				<time>1970-01-01T03:24:36Z</time>
			</trkpt>
			<trkpt lat="46.085801124572754" lon="7.199671268463135">
				<ele>817.469970703125</ele>
				<time>1970-01-01T03:25:46Z</time>
			</trkpt>
			<trkpt lat="46.08560800552368" lon="7.200186252593994">
				<ele>814.6500244140625</ele>
				<time>1970-01-01T03:26:19Z</time>
			</trkpt>
			<trkpt lat="46.08537197113037" lon="7.200636863708496">
				<ele>810.8599853515625</ele>
				<time>1970-01-01T03:26:50Z</time>
			</trkpt>
			<trkpt lat="46.08511447906494" lon="7.2010016441345215">
				<ele>811.5499877929688</ele>
				<time>1970-01-01T03:27:19Z</time>
			</trkpt>
			<trkpt lat="46.084792613983154" lon="7.2013020515441895">
				<ele>811.97998046875</ele>
				<time>1970-01-01T03:27:50Z</time>
			</trkpt>
			<trkpt lat="46.084792613983154" lon="7.2013020515441895">
				<ele>811.97998046875</ele>
				<time>1970-01-01T03:27:50Z</time>
			</trkpt>
			<trkpt lat="46.08459949493408" lon="7.201366424560547">
				<ele>810.3200073242188</ele>
				<time>1970-01-01T03:28:06Z</time>
			</trkpt>
			<trkpt lat="46.08459949493408" lon="7.201366424560547">
				<ele>810.3200073242188</ele>
				<time>1970-01-01T03:28:06Z</time>
			</trkpt>
			<trkpt lat="46.084556579589844" lon="7.201366424560547">
				<ele>809.7100219726562</ele>
				<time>1970-01-01T03:28:09Z</time>
			</trkpt>
			<trkpt lat="46.08447074890137" lon="7.201473712921143">
				<ele>809.1900024414062</ele>
				<time>1970-01-01T03:28:18Z</time>
			</trkpt>
			<trkpt lat="46.08447074890137" lon="7.201516628265381">
				<ele>809.3400268554688</ele>
				<time>1970-01-01T03:28:20Z</time>
			</trkpt>
			<trkpt lat="46.08447074890137" lon="7.201516628265381">
				<ele>809.3400268554688</ele>
				<time>1970-01-01T03:28:20Z</time>
			</trkpt>
			<trkpt lat="46.08438491821289" lon="7.201731204986572">
				<ele>808.8699951171875</ele>
				<time>1970-01-01T03:28:34Z</time>
			</trkpt>
			<trkpt lat="46.08438491821289" lon="7.201731204986572">
				<ele>808.8699951171875</ele>
				<time>1970-01-01T03:28:34Z</time>
			</trkpt>
			<trkpt lat="46.08412742614746" lon="7.20203161239624">
				<ele>807.0700073242188</ele>
				<time>1970-01-01T03:29:01Z</time>
			</trkpt>
			<trkpt lat="46.08363389968872" lon="7.202653884887695">
				<ele>808.3400268554688</ele>
				<time>1970-01-01T03:29:53Z</time>
			</trkpt>
			<trkpt lat="46.08339786529541" lon="7.20304012298584">
				<ele>809.3099975585938</ele>
				<time>1970-01-01T03:30:22Z</time>
			</trkpt>
			<trkpt lat="46.08294725418091" lon="7.204070091247559">
				<ele>811.0800170898438</ele>
				<time>1970-01-01T03:31:29Z</time>
			</trkpt>
			<trkpt lat="46.08290433883667" lon="7.204220294952393">
				<ele>810.8699951171875</ele>
				<time>1970-01-01T03:31:38Z</time>
			</trkpt>
			<trkpt lat="46.08281850814819" lon="7.204563617706299">
				<ele>811.22998046875</ele>
				<time>1970-01-01T03:31:59Z</time>
			</trkpt>
			<trkpt lat="46.08268976211548" lon="7.205250263214111">
				<ele>812.6199951171875</ele>
				<time>1970-01-01T03:32:38Z</time>
			</trkpt>
			<trkpt lat="46.08266830444336" lon="7.205357551574707">
				<ele>812.6699829101562</ele>
				<time>1970-01-01T03:32:44Z</time>
			</trkpt>
			<trkpt lat="46.08266830444336" lon="7.205357551574707">
				<ele>812.6699829101562</ele>
				<time>1970-01-01T03:32:44Z</time>
			</trkpt>
			<trkpt lat="46.08238935470581" lon="7.208211421966553">
				<ele>816.8300170898438</ele>
				<time>1970-01-01T03:35:25Z</time>
			</trkpt>
			<trkpt lat="46.0821533203125" lon="7.209584712982178">
				<ele>819.6799926757812</ele>
				<time>1970-01-01T03:36:43Z</time>
			</trkpt>
			<trkpt lat="46.0821533203125" lon="7.209584712982178">
				<ele>819.6799926757812</ele>
				<time>1970-01-01T03:36:43Z</time>
			</trkpt>
			<trkpt lat="46.081767082214355" lon="7.211151123046875">
				<ele>818.4299926757812</ele>
				<time>1970-01-01T03:38:15Z</time>
			</trkpt>
			<trkpt lat="46.08146667480469" lon="7.212352752685547">
				<ele>824.4600219726562</ele>
				<time>1970-01-01T03:39:26Z</time>
			</trkpt>
			<trkpt lat="46.08144521713257" lon="7.212395668029785">
				<ele>824.530029296875</ele>
				<time>1970-01-01T03:39:29Z</time>
			</trkpt>
			<trkpt lat="46.08144521713257" lon="7.212395668029785">
				<ele>824.530029296875</ele>
				<time>1970-01-01T03:39:29Z</time>
			</trkpt>
			<trkpt lat="46.081531047821045" lon="7.212395668029785">
				<ele>824.8200073242188</ele>
				<time>1970-01-01T03:39:36Z</time>
			</trkpt>
			<trkpt lat="46.081531047821045" lon="7.212395668029785">
				<ele>824.8200073242188</ele>
				<time>1970-01-01T03:39:36Z</time>
			</trkpt>
			<trkpt lat="46.08165979385376" lon="7.212631702423096">
				<ele>827.719970703125</ele>
				<time>1970-01-01T03:39:53Z</time>
			</trkpt>
			<trkpt lat="46.08165979385376" lon="7.212631702423096">
				<ele>827.719970703125</ele>
				<time>1970-01-01T03:39:53Z</time>
			</trkpt>
			<trkpt lat="46.08187437057495" lon="7.212545871734619">
				<ele>828.8599853515625</ele>
				<time>1970-01-01T03:40:11Z</time>
			</trkpt>
			<trkpt lat="46.08187437057495" lon="7.212545871734619">
				<ele>828.8599853515625</ele>
				<time>1970-01-01T03:40:11Z</time>
			</trkpt>
			<trkpt lat="46.082024574279785" lon="7.212567329406738">
				<ele>830.8699951171875</ele>
				<time>1970-01-01T03:40:23Z</time>
			</trkpt>
			<trkpt lat="46.082046031951904" lon="7.212610244750977">
				<ele>831.510009765625</ele>
				<time>1970-01-01T03:40:26Z</time>
			</trkpt>
			<trkpt lat="46.082046031951904" lon="7.212610244750977">
				<ele>831.510009765625</ele>
				<time>1970-01-01T03:40:26Z</time>
			</trkpt>
			<trkpt lat="46.08219623565674" lon="7.212717533111572">
				<ele>833.7100219726562</ele>
				<time>1970-01-01T03:40:39Z</time>
			</trkpt>
			<trkpt lat="46.08236789703369" lon="7.212610244750977">
				<ele>834.25</ele>
				<time>1970-01-01T03:40:54Z</time>
			</trkpt>
			<trkpt lat="46.08247518539429" lon="7.212567329406738">
				<ele>834.7100219726562</ele>
				<time>1970-01-01T03:41:03Z</time>
			</trkpt>
			<trkpt lat="46.082561016082764" lon="7.212610244750977">
				<ele>835.6500244140625</ele>
				<time>1970-01-01T03:41:10Z</time>
			</trkpt>
			<trkpt lat="46.082561016082764" lon="7.212610244750977">
				<ele>835.6500244140625</ele>
				<time>1970-01-01T03:41:10Z</time>
			</trkpt>
			<trkpt lat="46.082775592803955" lon="7.212696075439453">
				<ele>839.030029296875</ele>
				<time>1970-01-01T03:41:28Z</time>
			</trkpt>
			<trkpt lat="46.082775592803955" lon="7.212696075439453">
				<ele>839.030029296875</ele>
				<time>1970-01-01T03:41:28Z</time>
			</trkpt>
			<trkpt lat="46.08292579650879" lon="7.212653160095215">
				<ele>841.3400268554688</ele>
				<time>1970-01-01T03:41:40Z</time>
			</trkpt>
			<trkpt lat="46.083269119262695" lon="7.212245464324951">
				<ele>846.7899780273438</ele>
				<time>1970-01-01T03:42:16Z</time>
			</trkpt>
			<trkpt lat="46.083762645721436" lon="7.211751937866211">
				<ele>853.5999755859375</ele>
				<time>1970-01-01T03:43:04Z</time>
			</trkpt>
			<trkpt lat="46.083762645721436" lon="7.211751937866211">
				<ele>853.5999755859375</ele>
				<time>1970-01-01T03:43:04Z</time>
			</trkpt>
			<trkpt lat="46.08382701873779" lon="7.2115373611450195">
				<ele>853.3800048828125</ele>
				<time>1970-01-01T03:43:17Z</time>
			</trkpt>
			<trkpt lat="46.08382701873779" lon="7.2115373611450195">
				<ele>853.3800048828125</ele>
				<time>1970-01-01T03:43:17Z</time>
			</trkpt>
			<trkpt lat="46.08386993408203" lon="7.211322784423828">
				<ele>853.5399780273438</ele>
				<time>1970-01-01T03:43:30Z</time>
			</trkpt>
			<trkpt lat="46.08386993408203" lon="7.211322784423828">
				<ele>853.5399780273438</ele>
				<time>1970-01-01T03:43:30Z</time>
			</trkpt>
			<trkpt lat="46.08393430709839" lon="7.211194038391113">
				<ele>854.3200073242188</ele>
				<time>1970-01-01T03:43:38Z</time>
			</trkpt>
			<trkpt lat="46.08393430709839" lon="7.211194038391113">
				<ele>854.3200073242188</ele>
				<time>1970-01-01T03:43:38Z</time>
			</trkpt>
			<trkpt lat="46.083998680114746" lon="7.211129665374756">
				<ele>855.719970703125</ele>
				<time>1970-01-01T03:43:45Z</time>
			</trkpt>
			<trkpt lat="46.083998680114746" lon="7.211129665374756">
				<ele>855.719970703125</ele>
				<time>1970-01-01T03:43:45Z</time>
			</trkpt>
			<trkpt lat="46.083998680114746" lon="7.211129665374756">
				<ele>855.719970703125</ele>
				<time>1970-01-01T03:43:45Z</time>
			</trkpt>
			<trkpt lat="46.08408451080322" lon="7.211194038391113">
				<ele>857.1099853515625</ele>
				<time>1970-01-01T03:43:52Z</time>
			</trkpt>
			<trkpt lat="46.08412742614746" lon="7.211301326751709">
				<ele>857.7100219726562</ele>
				<time>1970-01-01T03:43:59Z</time>
			</trkpt>
			<trkpt lat="46.08412742614746" lon="7.211301326751709">
				<ele>857.7100219726562</ele>
				<time>1970-01-01T03:43:59Z</time>
			</trkpt>
			<trkpt lat="46.08419179916382" lon="7.2115159034729">
				<ele>861.239990234375</ele>
				<time>1970-01-01T03:44:12Z</time>
			</trkpt>
			<trkpt lat="46.08419179916382" lon="7.2115159034729">
				<ele>861.239990234375</ele>
				<time>1970-01-01T03:44:12Z</time>
			</trkpt>
			<trkpt lat="46.08423471450806" lon="7.211816310882568">
				<ele>869.7899780273438</ele>
				<time>1970-01-01T03:44:29Z</time>
			</trkpt>
			<trkpt lat="46.08423471450806" lon="7.211816310882568">
				<ele>869.7899780273438</ele>
				<time>1970-01-01T03:44:29Z</time>
			</trkpt>
			<trkpt lat="46.08440637588501" lon="7.211129665374756">
				<ele>863.3400268554688</ele>
				<time>1970-01-01T03:45:10Z</time>
			</trkpt>
			<trkpt lat="46.08440637588501" lon="7.211129665374756">
				<ele>863.3400268554688</ele>
				<time>1970-01-01T03:45:10Z</time>
			</trkpt>
			<trkpt lat="46.0846209526062" lon="7.210636138916016">
				<ele>868.469970703125</ele>
				<time>1970-01-01T03:45:42Z</time>
			</trkpt>
			<trkpt lat="46.0846209526062" lon="7.210636138916016">
				<ele>868.469970703125</ele>
				<time>1970-01-01T03:45:42Z</time>
			</trkpt>
			<trkpt lat="46.0846209526062" lon="7.210593223571777">
				<ele>868.469970703125</ele>
				<time>1970-01-01T03:45:45Z</time>
			</trkpt>
			<trkpt lat="46.08468532562256" lon="7.210485935211182">
				<ele>870.5700073242188</ele>
				<time>1970-01-01T03:45:52Z</time>
			</trkpt>
			<trkpt lat="46.08468532562256" lon="7.210485935211182">
				<ele>870.5700073242188</ele>
				<time>1970-01-01T03:45:52Z</time>
			</trkpt>
			<trkpt lat="46.08487844467163" lon="7.210121154785156">
				<ele>874.5900268554688</ele>
				<time>1970-01-01T03:46:18Z</time>
			</trkpt>
			<trkpt lat="46.08498573303223" lon="7.209906578063965">
				<ele>876.1400146484375</ele>
				<time>1970-01-01T03:46:33Z</time>
			</trkpt>
			<trkpt lat="46.0851788520813" lon="7.2095417976379395">
				<ele>878.9299926757812</ele>
				<time>1970-01-01T03:46:58Z</time>
			</trkpt>
			<trkpt lat="46.08543634414673" lon="7.208898067474365">
				<ele>882.9600219726562</ele>
				<time>1970-01-01T03:47:39Z</time>
			</trkpt>
			<trkpt lat="46.08558654785156" lon="7.208597660064697">
				<ele>885.6300048828125</ele>
				<time>1970-01-01T03:48:00Z</time>
			</trkpt>
			<trkpt lat="46.0857367515564" lon="7.208383083343506">
				<ele>887.8400268554688</ele>
				<time>1970-01-01T03:48:17Z</time>
			</trkpt>
			<trkpt lat="46.0857367515564" lon="7.208383083343506">
				<ele>887.8400268554688</ele>
				<time>1970-01-01T03:48:17Z</time>
			</trkpt>
			<trkpt lat="46.085779666900635" lon="7.208340167999268">
				<ele>888.6699829101562</ele>
				<time>1970-01-01T03:48:21Z</time>
			</trkpt>
			<trkpt lat="46.085779666900635" lon="7.208340167999268">
				<ele>888.6699829101562</ele>
				<time>1970-01-01T03:48:21Z</time>
			</trkpt>
			<trkpt lat="46.0860800743103" lon="7.207996845245361">
				<ele>893.780029296875</ele>
				<time>1970-01-01T03:48:52Z</time>
			</trkpt>
			<trkpt lat="46.086273193359375" lon="7.207653522491455">
				<ele>896.8300170898438</ele>
				<time>1970-01-01T03:49:16Z</time>
			</trkpt>
			<trkpt lat="46.08640193939209" lon="7.207353115081787">
				<ele>898.5499877929688</ele>
				<time>1970-01-01T03:49:36Z</time>
			</trkpt>
			<trkpt lat="46.08640193939209" lon="7.207353115081787">
				<ele>898.5499877929688</ele>
				<time>1970-01-01T03:49:36Z</time>
			</trkpt>
			<trkpt lat="46.08644485473633" lon="7.207245826721191">
				<ele>898.8300170898438</ele>
				<time>1970-01-01T03:49:43Z</time>
			</trkpt>
			<trkpt lat="46.08644485473633" lon="7.207245826721191">
				<ele>898.8300170898438</ele>
				<time>1970-01-01T03:49:43Z</time>
			</trkpt>
			<trkpt lat="46.086509227752686" lon="7.207138538360596">
				<ele>899.219970703125</ele>
				<time>1970-01-01T03:49:51Z</time>
			</trkpt>
			<trkpt lat="46.086509227752686" lon="7.207138538360596">
				<ele>899.219970703125</ele>
				<time>1970-01-01T03:49:51Z</time>
			</trkpt>
			<trkpt lat="46.086552143096924" lon="7.207095623016357">
				<ele>899.510009765625</ele>
				<time>1970-01-01T03:49:55Z</time>
			</trkpt>
			<trkpt lat="46.086552143096924" lon="7.207095623016357">
				<ele>899.510009765625</ele>
				<time>1970-01-01T03:49:55Z</time>
			</trkpt>
			<trkpt lat="46.08680963516235" lon="7.206859588623047">
				<ele>902.5700073242188</ele>
				<time>1970-01-01T03:50:19Z</time>
			</trkpt>
			<trkpt lat="46.08717441558838" lon="7.206687927246094">
				<ele>910.1900024414062</ele>
				<time>1970-01-01T03:50:50Z</time>
			</trkpt>
			<trkpt lat="46.08717441558838" lon="7.206687927246094">
				<ele>910.1900024414062</ele>
				<time>1970-01-01T03:50:50Z</time>
			</trkpt>
			<trkpt lat="46.087260246276855" lon="7.2066450119018555">
				<ele>913.5</ele>
				<time>1970-01-01T03:50:57Z</time>
			</trkpt>
			<trkpt lat="46.08734607696533" lon="7.206602096557617">
				<ele>916.5</ele>
				<time>1970-01-01T03:51:05Z</time>
			</trkpt>
			<trkpt lat="46.08734607696533" lon="7.206602096557617">
				<ele>916.5</ele>
				<time>1970-01-01T03:51:05Z</time>
			</trkpt>
			<trkpt lat="46.08743190765381" lon="7.206559181213379">
				<ele>920.25</ele>
				<time>1970-01-01T03:51:12Z</time>
			</trkpt>
			<trkpt lat="46.08758211135864" lon="7.206451892852783">
				<ele>926.4600219726562</ele>
				<time>1970-01-01T03:51:25Z</time>
			</trkpt>
			<trkpt lat="46.08758211135864" lon="7.206451892852783">
				<ele>926.4600219726562</ele>
				<time>1970-01-01T03:51:25Z</time>
			</trkpt>
			<trkpt lat="46.087646484375" lon="7.206408977508545">
				<ele>928.9600219726562</ele>
				<time>1970-01-01T03:51:31Z</time>
			</trkpt>
			<trkpt lat="46.087646484375" lon="7.206408977508545">
				<ele>928.9600219726562</ele>
				<time>1970-01-01T03:51:31Z</time>
			</trkpt>
			<trkpt lat="46.08766794204712" lon="7.206387519836426">
				<ele>929.75</ele>
				<time>1970-01-01T03:51:33Z</time>
			</trkpt>
			<trkpt lat="46.08766794204712" lon="7.206387519836426">
				<ele>929.75</ele>
				<time>1970-01-01T03:51:33Z</time>
			</trkpt>
			<trkpt lat="46.08773231506348" lon="7.206387519836426">
				<ele>934.1400146484375</ele>
				<time>1970-01-01T03:51:38Z</time>
			</trkpt>
			<trkpt lat="46.08773231506348" lon="7.206387519836426">
				<ele>934.1400146484375</ele>
				<time>1970-01-01T03:51:38Z</time>
			</trkpt>
			<trkpt lat="46.087753772735596" lon="7.206387519836426">
				<ele>935.75</ele>
				<time>1970-01-01T03:51:40Z</time>
			</trkpt>
			<trkpt lat="46.087775230407715" lon="7.206387519836426">
				<ele>937.3200073242188</ele>
				<time>1970-01-01T03:51:42Z</time>
			</trkpt>
			<trkpt lat="46.087796688079834" lon="7.206408977508545">
				<ele>939.3200073242188</ele>
				<time>1970-01-01T03:51:44Z</time>
			</trkpt>
			<trkpt lat="46.087796688079834" lon="7.206408977508545">
				<ele>939.3200073242188</ele>
				<time>1970-01-01T03:51:44Z</time>
			</trkpt>
			<trkpt lat="46.08781814575195" lon="7.206408977508545">
				<ele>940.8800048828125</ele>
				<time>1970-01-01T03:51:45Z</time>
			</trkpt>
			<trkpt lat="46.08781814575195" lon="7.206430435180664">
				<ele>941.5800170898438</ele>
				<time>1970-01-01T03:51:47Z</time>
			</trkpt>
			<trkpt lat="46.08781814575195" lon="7.206430435180664">
				<ele>941.5800170898438</ele>
				<time>1970-01-01T03:51:47Z</time>
			</trkpt>
			<trkpt lat="46.08783960342407" lon="7.206473350524902">
				<ele>944.530029296875</ele>
				<time>1970-01-01T03:51:50Z</time>
			</trkpt>
			<trkpt lat="46.08783960342407" lon="7.206473350524902">
				<ele>944.530029296875</ele>
				<time>1970-01-01T03:51:50Z</time>
			</trkpt>
			<trkpt lat="46.08786106109619" lon="7.206602096557617">
				<ele>949.4099731445312</ele>
				<time>1970-01-01T03:51:57Z</time>
			</trkpt>
			<trkpt lat="46.08783960342407" lon="7.206687927246094">
				<ele>949.27001953125</ele>
				<time>1970-01-01T03:52:02Z</time>
			</trkpt>
			<trkpt lat="46.08783960342407" lon="7.206687927246094">
				<ele>949.27001953125</ele>
				<time>1970-01-01T03:52:02Z</time>
			</trkpt>
			<trkpt lat="46.087496280670166" lon="7.20703125">
				<ele>931.0900268554688</ele>
				<time>1970-01-01T03:52:35Z</time>
			</trkpt>
			<trkpt lat="46.08736753463745" lon="7.207245826721191">
				<ele>923.4299926757812</ele>
				<time>1970-01-01T03:52:51Z</time>
			</trkpt>
			<trkpt lat="46.087260246276855" lon="7.2075676918029785">
				<ele>917.4600219726562</ele>
				<time>1970-01-01T03:53:11Z</time>
			</trkpt>
			<trkpt lat="46.0871958732605" lon="7.207932472229004">
				<ele>919.4600219726562</ele>
				<time>1970-01-01T03:53:32Z</time>
			</trkpt>
			<trkpt lat="46.0871958732605" lon="7.207932472229004">
				<ele>919.4600219726562</ele>
				<time>1970-01-01T03:53:32Z</time>
			</trkpt>
			<trkpt lat="46.087238788604736" lon="7.208383083343506">
				<ele>924.3499755859375</ele>
				<time>1970-01-01T03:53:57Z</time>
			</trkpt>
			<trkpt lat="46.087517738342285" lon="7.209434509277344">
				<ele>932.0900268554688</ele>
				<time>1970-01-01T03:55:00Z</time>
			</trkpt>
			<trkpt lat="46.087517738342285" lon="7.209434509277344">
				<ele>932.0900268554688</ele>
				<time>1970-01-01T03:55:00Z</time>
			</trkpt>
			<trkpt lat="46.08756065368652" lon="7.209563255310059">
				<ele>933.4600219726562</ele>
				<time>1970-01-01T03:55:08Z</time>
			</trkpt>
			<trkpt lat="46.08756065368652" lon="7.209563255310059">
				<ele>933.4600219726562</ele>
				<time>1970-01-01T03:55:08Z</time>
			</trkpt>
			<trkpt lat="46.087646484375" lon="7.21003532409668">
				<ele>937.4099731445312</ele>
				<time>1970-01-01T03:55:35Z</time>
			</trkpt>
			<trkpt lat="46.087646484375" lon="7.210421562194824">
				<ele>941.75</ele>
				<time>1970-01-01T03:55:56Z</time>
			</trkpt>
			<trkpt lat="46.087646484375" lon="7.210421562194824">
				<ele>941.75</ele>
				<time>1970-01-01T03:55:56Z</time>
			</trkpt>
			<trkpt lat="46.08758211135864" lon="7.210721969604492">
				<ele>943.8699951171875</ele>
				<time>1970-01-01T03:56:14Z</time>
			</trkpt>
			<trkpt lat="46.08743190765381" lon="7.210979461669922">
				<ele>947.0599975585938</ele>
				<time>1970-01-01T03:56:32Z</time>
			</trkpt>
			<trkpt lat="46.08685255050659" lon="7.211580276489258">
				<ele>948.5900268554688</ele>
				<time>1970-01-01T03:57:30Z</time>
			</trkpt>
			<trkpt lat="46.086745262145996" lon="7.211730480194092">
				<ele>951.2899780273438</ele>
				<time>1970-01-01T03:57:42Z</time>
			</trkpt>
			<trkpt lat="46.0866379737854" lon="7.2119879722595215">
				<ele>952.1900024414062</ele>
				<time>1970-01-01T03:57:58Z</time>
			</trkpt>
			<trkpt lat="46.0866379737854" lon="7.212502956390381">
				<ele>959.3099975585938</ele>
				<time>1970-01-01T03:58:27Z</time>
			</trkpt>
			<trkpt lat="46.0866379737854" lon="7.212502956390381">
				<ele>959.3099975585938</ele>
				<time>1970-01-01T03:58:27Z</time>
			</trkpt>
			<trkpt lat="46.0866379737854" lon="7.212717533111572">
				<ele>960.25</ele>
				<time>1970-01-01T03:58:39Z</time>
			</trkpt>
			<trkpt lat="46.08657360076904" lon="7.213039398193359">
				<ele>961.5800170898438</ele>
				<time>1970-01-01T03:58:57Z</time>
			</trkpt>
			<trkpt lat="46.08646631240845" lon="7.21327543258667">
				<ele>963.219970703125</ele>
				<time>1970-01-01T03:59:13Z</time>
			</trkpt>
			<trkpt lat="46.08633756637573" lon="7.213425636291504">
				<ele>963.4199829101562</ele>
				<time>1970-01-01T03:59:26Z</time>
			</trkpt>
			<trkpt lat="46.08633756637573" lon="7.213425636291504">
				<ele>963.4199829101562</ele>
				<time>1970-01-01T03:59:26Z</time>
			</trkpt>
			<trkpt lat="46.08571529388428" lon="7.213940620422363">
				<ele>966.739990234375</ele>
				<time>1970-01-01T04:00:24Z</time>
			</trkpt>
			<trkpt lat="46.085543632507324" lon="7.2141337394714355">
				<ele>967.0</ele>
				<time>1970-01-01T04:00:41Z</time>
			</trkpt>
			<trkpt lat="46.08520030975342" lon="7.2148847579956055">
				<ele>974.4600219726562</ele>
				<time>1970-01-01T04:01:31Z</time>
			</trkpt>
			<trkpt lat="46.08489990234375" lon="7.215228080749512">
				<ele>974.280029296875</ele>
				<time>1970-01-01T04:02:02Z</time>
			</trkpt>
			<trkpt lat="46.08489990234375" lon="7.215335369110107">
				<ele>977.3699951171875</ele>
				<time>1970-01-01T04:02:08Z</time>
			</trkpt>
			<trkpt lat="46.08494281768799" lon="7.215442657470703">
				<ele>981.6699829101562</ele>
				<time>1970-01-01T04:02:15Z</time>
			</trkpt>
			<trkpt lat="46.08494281768799" lon="7.215442657470703">
				<ele>981.6699829101562</ele>
				<time>1970-01-01T04:02:15Z</time>
			</trkpt>
			<trkpt lat="46.085007190704346" lon="7.215464115142822">
				<ele>984.1500244140625</ele>
				<time>1970-01-01T04:02:20Z</time>
			</trkpt>
			<trkpt lat="46.08509302139282" lon="7.215421199798584">
				<ele>985.4500122070312</ele>
				<time>1970-01-01T04:02:27Z</time>
			</trkpt>
			<trkpt lat="46.08541488647461" lon="7.215056419372559">
				<ele>985.1699829101562</ele>
				<time>1970-01-01T04:03:00Z</time>
			</trkpt>
			<trkpt lat="46.0860800743103" lon="7.2145843505859375">
				<ele>988.02001953125</ele>
				<time>1970-01-01T04:03:59Z</time>
			</trkpt>
			<trkpt lat="46.08623027801514" lon="7.21451997756958">
				<ele>990.7100219726562</ele>
				<time>1970-01-01T04:04:12Z</time>
			</trkpt>
			<trkpt lat="46.08642339706421" lon="7.214541435241699">
				<ele>992.7100219726562</ele>
				<time>1970-01-01T04:04:27Z</time>
			</trkpt>
			<trkpt lat="46.08695983886719" lon="7.214756011962891">
				<ele>1002.6599731445312</ele>
				<time>1970-01-01T04:05:12Z</time>
			</trkpt>
			<trkpt lat="46.08711004257202" lon="7.214713096618652">
				<ele>1006.5599975585938</ele>
				<time>1970-01-01T04:05:24Z</time>
			</trkpt>
			<trkpt lat="46.087260246276855" lon="7.214627265930176">
				<ele>1012.4600219726562</ele>
				<time>1970-01-01T04:05:37Z</time>
			</trkpt>
			<trkpt lat="46.087260246276855" lon="7.214627265930176">
				<ele>1012.4600219726562</ele>
				<time>1970-01-01T04:05:37Z</time>
			</trkpt>
			<trkpt lat="46.087281703948975" lon="7.214562892913818">
				<ele>1012.260009765625</ele>
				<time>1970-01-01T04:05:41Z</time>
			</trkpt>
			<trkpt lat="46.087281703948975" lon="7.214562892913818">
				<ele>1012.260009765625</ele>
				<time>1970-01-01T04:05:41Z</time>
			</trkpt>
			<trkpt lat="46.08736753463745" lon="7.2144341468811035">
				<ele>1014.3699951171875</ele>
				<time>1970-01-01T04:05:51Z</time>
			</trkpt>
			<trkpt lat="46.08762502670288" lon="7.2136616706848145">
				<ele>1015.02001953125</ele>
				<time>1970-01-01T04:06:39Z</time>
			</trkpt>
			<trkpt lat="46.08792543411255" lon="7.213318347930908">
				<ele>1023.52001953125</ele>
				<time>1970-01-01T04:07:09Z</time>
			</trkpt>
			<trkpt lat="46.088011264801025" lon="7.213146686553955">
				<ele>1025.0699462890625</ele>
				<time>1970-01-01T04:07:21Z</time>
			</trkpt>
			<trkpt lat="46.08811855316162" lon="7.212481498718262">
				<ele>1018.8099975585938</ele>
				<time>1970-01-01T04:07:59Z</time>
			</trkpt>
			<trkpt lat="46.08818292617798" lon="7.212417125701904">
				<ele>1020.4500122070312</ele>
				<time>1970-01-01T04:08:05Z</time>
			</trkpt>
			<trkpt lat="46.088290214538574" lon="7.212502956390381">
				<ele>1026.8699951171875</ele>
				<time>1970-01-01T04:08:15Z</time>
			</trkpt>
			<trkpt lat="46.08831167221069" lon="7.212631702423096">
				<ele>1030.0799560546875</ele>
				<time>1970-01-01T04:08:23Z</time>
			</trkpt>
			<trkpt lat="46.088290214538574" lon="7.212738990783691">
				<ele>1031.260009765625</ele>
				<time>1970-01-01T04:08:29Z</time>
			</trkpt>
			<trkpt lat="46.087989807128906" lon="7.21402645111084">
				<ele>1037.5799560546875</ele>
				<time>1970-01-01T04:09:44Z</time>
			</trkpt>
			<trkpt lat="46.08781814575195" lon="7.215142250061035">
				<ele>1047.0799560546875</ele>
				<time>1970-01-01T04:10:48Z</time>
			</trkpt>
			<trkpt lat="46.087753772735596" lon="7.215378284454346">
				<ele>1048.449951171875</ele>
				<time>1970-01-01T04:11:02Z</time>
			</trkpt>
			<trkpt lat="46.087753772735596" lon="7.215378284454346">
				<ele>1048.449951171875</ele>
				<time>1970-01-01T04:11:02Z</time>
			</trkpt>
			<trkpt lat="46.08771085739136" lon="7.215464115142822">
				<ele>1047.4200439453125</ele>
				<time>1970-01-01T04:11:08Z</time>
			</trkpt>
			<trkpt lat="46.08771085739136" lon="7.215464115142822">
				<ele>1047.4200439453125</ele>
				<time>1970-01-01T04:11:08Z</time>
			</trkpt>
			<trkpt lat="46.08715295791626" lon="7.216236591339111">
				<ele>1051.5699462890625</ele>
				<time>1970-01-01T04:12:10Z</time>
			</trkpt>
			<trkpt lat="46.08715295791626" lon="7.216236591339111">
				<ele>1051.5699462890625</ele>
				<time>1970-01-01T04:12:10Z</time>
			</trkpt>
			<trkpt lat="46.0870885848999" lon="7.216300964355469">
				<ele>1053.3499755859375</ele>
				<time>1970-01-01T04:12:16Z</time>
			</trkpt>
			<trkpt lat="46.0870885848999" lon="7.216300964355469">
				<ele>1053.3499755859375</ele>
				<time>1970-01-01T04:12:16Z</time>
			</trkpt>
			<trkpt lat="46.08638048171997" lon="7.216622829437256">
				<ele>1050.0400390625</ele>
				<time>1970-01-01T04:13:15Z</time>
			</trkpt>
			<trkpt lat="46.08631610870361" lon="7.216794490814209">
				<ele>1051.1600341796875</ele>
				<time>1970-01-01T04:13:26Z</time>
			</trkpt>
			<trkpt lat="46.08638048171997" lon="7.216944694519043">
				<ele>1056.0400390625</ele>
				<time>1970-01-01T04:13:36Z</time>
			</trkpt>
			<trkpt lat="46.08638048171997" lon="7.216944694519043">
				<ele>1056.0400390625</ele>
				<time>1970-01-01T04:13:36Z</time>
			</trkpt>
			<trkpt lat="46.08646631240845" lon="7.216944694519043">
				<ele>1058.5699462890625</ele>
				<time>1970-01-01T04:13:43Z</time>
			</trkpt>
			<trkpt lat="46.086745262145996" lon="7.216751575469971">
				<ele>1063.31005859375</ele>
				<time>1970-01-01T04:14:08Z</time>
			</trkpt>
			<trkpt lat="46.08698129653931" lon="7.216730117797852">
				<ele>1065.6400146484375</ele>
				<time>1970-01-01T04:14:27Z</time>
			</trkpt>
			<trkpt lat="46.087238788604736" lon="7.216751575469971">
				<ele>1069.530029296875</ele>
				<time>1970-01-01T04:14:47Z</time>
			</trkpt>
			<trkpt lat="46.087238788604736" lon="7.216751575469971">
				<ele>1069.530029296875</ele>
				<time>1970-01-01T04:14:47Z</time>
			</trkpt>
			<trkpt lat="46.087281703948975" lon="7.216730117797852">
				<ele>1069.9300537109375</ele>
				<time>1970-01-01T04:14:51Z</time>
			</trkpt>
			<trkpt lat="46.087281703948975" lon="7.216730117797852">
				<ele>1069.9300537109375</ele>
				<time>1970-01-01T04:14:51Z</time>
			</trkpt>
			<trkpt lat="46.08762502670288" lon="7.216472625732422">
				<ele>1074.68994140625</ele>
				<time>1970-01-01T04:15:22Z</time>
			</trkpt>
			<trkpt lat="46.088032722473145" lon="7.216365337371826">
				<ele>1087.5</ele>
				<time>1970-01-01T04:15:55Z</time>
			</trkpt>
			<trkpt lat="46.088247299194336" lon="7.216193675994873">
				<ele>1092.47998046875</ele>
				<time>1970-01-01T04:16:15Z</time>
			</trkpt>
			<trkpt lat="46.08835458755493" lon="7.21602201461792">
				<ele>1093.18994140625</ele>
				<time>1970-01-01T04:16:27Z</time>
			</trkpt>
			<trkpt lat="46.0886549949646" lon="7.214927673339844">
				<ele>1094.02001953125</ele>
				<time>1970-01-01T04:17:33Z</time>
			</trkpt>
			<trkpt lat="46.0891056060791" lon="7.214198112487793">
				<ele>1100.760009765625</ele>
				<time>1970-01-01T04:18:27Z</time>
			</trkpt>
			<trkpt lat="46.08938455581665" lon="7.213382720947266">
				<ele>1096.1199951171875</ele>
				<time>1970-01-01T04:19:18Z</time>
			</trkpt>
			<trkpt lat="46.0895562171936" lon="7.212996482849121">
				<ele>1101.949951171875</ele>
				<time>1970-01-01T04:19:43Z</time>
			</trkpt>
			<trkpt lat="46.089792251586914" lon="7.212588787078857">
				<ele>1105.2900390625</ele>
				<time>1970-01-01T04:20:13Z</time>
			</trkpt>
			<trkpt lat="46.09019994735718" lon="7.212116718292236">
				<ele>1111.1300048828125</ele>
				<time>1970-01-01T04:20:54Z</time>
			</trkpt>
			<trkpt lat="46.09037160873413" lon="7.2118377685546875">
				<ele>1112.3599853515625</ele>
				<time>1970-01-01T04:21:15Z</time>
			</trkpt>
			<trkpt lat="46.09045743942261" lon="7.211794853210449">
				<ele>1115.3599853515625</ele>
				<time>1970-01-01T04:21:22Z</time>
			</trkpt>
			<trkpt lat="46.090521812438965" lon="7.2118377685546875">
				<ele>1120.4100341796875</ele>
				<time>1970-01-01T04:21:28Z</time>
			</trkpt>
			<trkpt lat="46.0905647277832" lon="7.211945056915283">
				<ele>1126.25</ele>
				<time>1970-01-01T04:21:35Z</time>
			</trkpt>
			<trkpt lat="46.090543270111084" lon="7.212095260620117">
				<ele>1129.4100341796875</ele>
				<time>1970-01-01T04:21:44Z</time>
			</trkpt>
			<trkpt lat="46.090028285980225" lon="7.212738990783691">
				<ele>1121.1099853515625</ele>
				<time>1970-01-01T04:22:38Z</time>
			</trkpt>
			<trkpt lat="46.08983516693115" lon="7.2132110595703125">
				<ele>1124.0699462890625</ele>
				<time>1970-01-01T04:23:09Z</time>
			</trkpt>
			<trkpt lat="46.089749336242676" lon="7.213618755340576">
				<ele>1126.3199462890625</ele>
				<time>1970-01-01T04:23:32Z</time>
			</trkpt>
			<trkpt lat="46.089749336242676" lon="7.213618755340576">
				<ele>1126.3199462890625</ele>
				<time>1970-01-01T04:23:32Z</time>
			</trkpt>
			<trkpt lat="46.0896635055542" lon="7.2145843505859375">
				<ele>1134.9599609375</ele>
				<time>1970-01-01T04:24:26Z</time>
			</trkpt>
			<trkpt lat="46.08957767486572" lon="7.214798927307129">
				<ele>1136.4599609375</ele>
				<time>1970-01-01T04:24:40Z</time>
			</trkpt>
			<trkpt lat="46.08947038650513" lon="7.214992046356201">
				<ele>1135.0899658203125</ele>
				<time>1970-01-01T04:24:54Z</time>
			</trkpt>
			<trkpt lat="46.08947038650513" lon="7.214992046356201">
				<ele>1135.0899658203125</ele>
				<time>1970-01-01T04:24:54Z</time>
			</trkpt>
			<trkpt lat="46.089298725128174" lon="7.215335369110107">
				<ele>1132.7099609375</ele>
				<time>1970-01-01T04:25:17Z</time>
			</trkpt>
			<trkpt lat="46.089234352111816" lon="7.2156572341918945">
				<ele>1135.27001953125</ele>
				<time>1970-01-01T04:25:36Z</time>
			</trkpt>
			<trkpt lat="46.089277267456055" lon="7.21677303314209">
				<ele>1156.6400146484375</ele>
				<time>1970-01-01T04:26:38Z</time>
			</trkpt>
			<trkpt lat="46.089255809783936" lon="7.216966152191162">
				<ele>1157.9100341796875</ele>
				<time>1970-01-01T04:26:49Z</time>
			</trkpt>
			<trkpt lat="46.089255809783936" lon="7.216966152191162">
				<ele>1157.9100341796875</ele>
				<time>1970-01-01T04:26:49Z</time>
			</trkpt>
			<trkpt lat="46.08916997909546" lon="7.217309474945068">
				<ele>1158.25</ele>
				<time>1970-01-01T04:27:09Z</time>
			</trkpt>
			<trkpt lat="46.08884811401367" lon="7.217931747436523">
				<ele>1158.4000244140625</ele>
				<time>1970-01-01T04:27:52Z</time>
			</trkpt>
			<trkpt lat="46.08844041824341" lon="7.218897342681885">
				<ele>1164.75</ele>
				<time>1970-01-01T04:28:55Z</time>
			</trkpt>
			<trkpt lat="46.08844041824341" lon="7.218897342681885">
				<ele>1164.75</ele>
				<time>1970-01-01T04:28:55Z</time>
			</trkpt>
			<trkpt lat="46.08835458755493" lon="7.2190260887146">
				<ele>1165.8800048828125</ele>
				<time>1970-01-01T04:29:05Z</time>
			</trkpt>
			<trkpt lat="46.08833312988281" lon="7.219069004058838">
				<ele>1166.3800048828125</ele>
				<time>1970-01-01T04:29:08Z</time>
			</trkpt>
			<trkpt lat="46.08833312988281" lon="7.219069004058838">
				<ele>1166.3800048828125</ele>
				<time>1970-01-01T04:29:08Z</time>
			</trkpt>
			<trkpt lat="46.08831167221069" lon="7.219111919403076">
				<ele>1166.8900146484375</ele>
				<time>1970-01-01T04:29:11Z</time>
			</trkpt>
			<trkpt lat="46.08831167221069" lon="7.219111919403076">
				<ele>1166.8900146484375</ele>
				<time>1970-01-01T04:29:11Z</time>
			</trkpt>
			<trkpt lat="46.08796834945679" lon="7.219605445861816">
				<ele>1166.280029296875</ele>
				<time>1970-01-01T04:29:50Z</time>
			</trkpt>
			<trkpt lat="46.08783960342407" lon="7.2199273109436035">
				<ele>1166.0899658203125</ele>
				<time>1970-01-01T04:30:10Z</time>
			</trkpt>
			<trkpt lat="46.08766794204712" lon="7.220914363861084">
				<ele>1172.5</ele>
				<time>1970-01-01T04:31:07Z</time>
			</trkpt>
			<trkpt lat="46.087646484375" lon="7.221064567565918">
				<ele>1174.1800537109375</ele>
				<time>1970-01-01T04:31:15Z</time>
			</trkpt>
			<trkpt lat="46.08766794204712" lon="7.221171855926514">
				<ele>1177.199951171875</ele>
				<time>1970-01-01T04:31:21Z</time>
			</trkpt>
			<trkpt lat="46.08766794204712" lon="7.221171855926514">
				<ele>1177.199951171875</ele>
				<time>1970-01-01T04:31:21Z</time>
			</trkpt>
			<trkpt lat="46.08773231506348" lon="7.22125768661499">
				<ele>1181.25</ele>
				<time>1970-01-01T04:31:28Z</time>
			</trkpt>
			<trkpt lat="46.087775230407715" lon="7.221279144287109">
				<ele>1183.3699951171875</ele>
				<time>1970-01-01T04:31:32Z</time>
			</trkpt>
			<trkpt lat="46.08790397644043" lon="7.221193313598633">
				<ele>1186.1800537109375</ele>
				<time>1970-01-01T04:31:43Z</time>
			</trkpt>
			<trkpt lat="46.088054180145264" lon="7.22050666809082">
				<ele>1180.5</ele>
				<time>1970-01-01T04:32:23Z</time>
			</trkpt>
			<trkpt lat="46.08818292617798" lon="7.220163345336914">
				<ele>1181.3499755859375</ele>
				<time>1970-01-01T04:32:45Z</time>
			</trkpt>
			<trkpt lat="46.08818292617798" lon="7.220163345336914">
				<ele>1181.3499755859375</ele>
				<time>1970-01-01T04:32:45Z</time>
			</trkpt>
			<trkpt lat="46.08839750289917" lon="7.2199273109436035">
				<ele>1184.22998046875</ele>
				<time>1970-01-01T04:33:07Z</time>
			</trkpt>
			<trkpt lat="46.088762283325195" lon="7.219669818878174">
				<ele>1191.050048828125</ele>
				<time>1970-01-01T04:33:39Z</time>
			</trkpt>
			<trkpt lat="46.088762283325195" lon="7.219669818878174">
				<ele>1191.050048828125</ele>
				<time>1970-01-01T04:33:39Z</time>
			</trkpt>
			<trkpt lat="46.08882665634155" lon="7.2196269035339355">
				<ele>1192.0799560546875</ele>
				<time>1970-01-01T04:33:45Z</time>
			</trkpt>
			<trkpt lat="46.08882665634155" lon="7.2196269035339355">
				<ele>1192.0799560546875</ele>
				<time>1970-01-01T04:33:45Z</time>
			</trkpt>
			<trkpt lat="46.0892128944397" lon="7.219390869140625">
				<ele>1201.6800537109375</ele>
				<time>1970-01-01T04:34:19Z</time>
			</trkpt>
			<trkpt lat="46.08947038650513" lon="7.219133377075195">
				<ele>1206.3299560546875</ele>
				<time>1970-01-01T04:34:44Z</time>
			</trkpt>
			<trkpt lat="46.0896635055542" lon="7.218790054321289">
				<ele>1209.530029296875</ele>
				<time>1970-01-01T04:35:08Z</time>
			</trkpt>
			<trkpt lat="46.08981370925903" lon="7.218189239501953">
				<ele>1207.6400146484375</ele>
				<time>1970-01-01T04:35:44Z</time>
			</trkpt>
			<trkpt lat="46.08981370925903" lon="7.218189239501953">
				<ele>1207.6400146484375</ele>
				<time>1970-01-01T04:35:44Z</time>
			</trkpt>
			<trkpt lat="46.08981370925903" lon="7.218189239501953">
				<ele>1207.6400146484375</ele>
				<time>1970-01-01T04:35:44Z</time>
			</trkpt>
			<trkpt lat="46.08985662460327" lon="7.218103408813477">
				<ele>1208.3699951171875</ele>
				<time>1970-01-01T04:35:50Z</time>
			</trkpt>
			<trkpt lat="46.08985662460327" lon="7.218103408813477">
				<ele>1208.3699951171875</ele>
				<time>1970-01-01T04:35:50Z</time>
			</trkpt>
			<trkpt lat="46.089985370635986" lon="7.21776008605957">
				<ele>1208.9200439453125</ele>
				<time>1970-01-01T04:36:11Z</time>
			</trkpt>
			<trkpt lat="46.09032869338989" lon="7.2173309326171875">
				<ele>1218.199951171875</ele>
				<time>1970-01-01T04:36:48Z</time>
			</trkpt>
			<trkpt lat="46.09041452407837" lon="7.217137813568115">
				<ele>1216.18994140625</ele>
				<time>1970-01-01T04:37:00Z</time>
			</trkpt>
			<trkpt lat="46.09045743942261" lon="7.216858863830566">
				<ele>1214.989990234375</ele>
				<time>1970-01-01T04:37:16Z</time>
			</trkpt>
			<trkpt lat="46.09039306640625" lon="7.21627950668335">
				<ele>1208.050048828125</ele>
				<time>1970-01-01T04:37:49Z</time>
			</trkpt>
			<trkpt lat="46.09047889709473" lon="7.216172218322754">
				<ele>1210.4100341796875</ele>
				<time>1970-01-01T04:37:58Z</time>
			</trkpt>
			<trkpt lat="46.0905647277832" lon="7.216215133666992">
				<ele>1215.6099853515625</ele>
				<time>1970-01-01T04:38:05Z</time>
			</trkpt>
			<trkpt lat="46.0905647277832" lon="7.216215133666992">
				<ele>1215.6099853515625</ele>
				<time>1970-01-01T04:38:05Z</time>
			</trkpt>
			<trkpt lat="46.0906720161438" lon="7.216386795043945">
				<ele>1223.510009765625</ele>
				<time>1970-01-01T04:38:18Z</time>
			</trkpt>
			<trkpt lat="46.090736389160156" lon="7.216601371765137">
				<ele>1230.1199951171875</ele>
				<time>1970-01-01T04:38:31Z</time>
			</trkpt>
			<trkpt lat="46.090757846832275" lon="7.216944694519043">
				<ele>1234.8499755859375</ele>
				<time>1970-01-01T04:38:50Z</time>
			</trkpt>
			<trkpt lat="46.09071493148804" lon="7.217245101928711">
				<ele>1236.06005859375</ele>
				<time>1970-01-01T04:39:07Z</time>
			</trkpt>
			<trkpt lat="46.09071493148804" lon="7.217245101928711">
				<ele>1236.06005859375</ele>
				<time>1970-01-01T04:39:07Z</time>
			</trkpt>
			<trkpt lat="46.09069347381592" lon="7.217352390289307">
				<ele>1236.3699951171875</ele>
				<time>1970-01-01T04:39:13Z</time>
			</trkpt>
			<trkpt lat="46.09069347381592" lon="7.217352390289307">
				<ele>1236.3699951171875</ele>
				<time>1970-01-01T04:39:13Z</time>
			</trkpt>
			<trkpt lat="46.09039306640625" lon="7.21827507019043">
				<ele>1236.969970703125</ele>
				<time>1970-01-01T04:40:10Z</time>
			</trkpt>
			<trkpt lat="46.090285778045654" lon="7.21876859664917">
				<ele>1242.25</ele>
				<time>1970-01-01T04:40:39Z</time>
			</trkpt>
			<trkpt lat="46.0902214050293" lon="7.219390869140625">
				<ele>1248.949951171875</ele>
				<time>1970-01-01T04:41:14Z</time>
			</trkpt>
			<trkpt lat="46.09017848968506" lon="7.220807075500488">
				<ele>1255.8499755859375</ele>
				<time>1970-01-01T04:42:32Z</time>
			</trkpt>
			<trkpt lat="46.0901141166687" lon="7.22125768661499">
				<ele>1256.4599609375</ele>
				<time>1970-01-01T04:42:58Z</time>
			</trkpt>
			<trkpt lat="46.090028285980225" lon="7.221622467041016">
				<ele>1258.4200439453125</ele>
				<time>1970-01-01T04:43:19Z</time>
			</trkpt>
			<trkpt lat="46.089985370635986" lon="7.221708297729492">
				<ele>1257.9100341796875</ele>
				<time>1970-01-01T04:43:25Z</time>
			</trkpt>
			<trkpt lat="46.08989953994751" lon="7.221987247467041">
				<ele>1259.2099609375</ele>
				<time>1970-01-01T04:43:42Z</time>
			</trkpt>
			<trkpt lat="46.08989953994751" lon="7.221987247467041">
				<ele>1259.2099609375</ele>
				<time>1970-01-01T04:43:42Z</time>
			</trkpt>
			<trkpt lat="46.08968496322632" lon="7.222437858581543">
				<ele>1261.0</ele>
				<time>1970-01-01T04:44:13Z</time>
			</trkpt>
			<trkpt lat="46.08968496322632" lon="7.222437858581543">
				<ele>1261.0</ele>
				<time>1970-01-01T04:44:13Z</time>
			</trkpt>
			<trkpt lat="46.08942747116089" lon="7.222609519958496">
				<ele>1258.8299560546875</ele>
				<time>1970-01-01T04:44:35Z</time>
			</trkpt>
			<trkpt lat="46.08942747116089" lon="7.222609519958496">
				<ele>1258.8299560546875</ele>
				<time>1970-01-01T04:44:35Z</time>
			</trkpt>
			<trkpt lat="46.089255809783936" lon="7.222738265991211">
				<ele>1258.0799560546875</ele>
				<time>1970-01-01T04:44:51Z</time>
			</trkpt>
			<trkpt lat="46.089234352111816" lon="7.2228240966796875">
				<ele>1259.6600341796875</ele>
				<time>1970-01-01T04:44:56Z</time>
			</trkpt>
			<trkpt lat="46.089255809783936" lon="7.222909927368164">
				<ele>1262.3599853515625</ele>
				<time>1970-01-01T04:45:01Z</time>
			</trkpt>
			<trkpt lat="46.089255809783936" lon="7.222909927368164">
				<ele>1262.3599853515625</ele>
				<time>1970-01-01T04:45:01Z</time>
			</trkpt>
			<trkpt lat="46.08932018280029" lon="7.222952842712402">
				<ele>1265.1199951171875</ele>
				<time>1970-01-01T04:45:07Z</time>
			</trkpt>
			<trkpt lat="46.08938455581665" lon="7.222952842712402">
				<ele>1267.1500244140625</ele>
				<time>1970-01-01T04:45:12Z</time>
			</trkpt>
			<trkpt lat="46.08981370925903" lon="7.222802639007568">
				<ele>1272.6300048828125</ele>
				<time>1970-01-01T04:45:47Z</time>
			</trkpt>
			<trkpt lat="46.08996391296387" lon="7.222716808319092">
				<ele>1274.0699462890625</ele>
				<time>1970-01-01T04:46:00Z</time>
			</trkpt>
			<trkpt lat="46.08996391296387" lon="7.222716808319092">
				<ele>1274.0699462890625</ele>
				<time>1970-01-01T04:46:00Z</time>
			</trkpt>
			<trkpt lat="46.09060764312744" lon="7.222244739532471">
				<ele>1280.6400146484375</ele>
				<time>1970-01-01T04:46:58Z</time>
			</trkpt>
			<trkpt lat="46.090736389160156" lon="7.222094535827637">
				<ele>1282.5400390625</ele>
				<time>1970-01-01T04:47:11Z</time>
			</trkpt>
			<trkpt lat="46.09088659286499" lon="7.22177267074585">
				<ele>1287.3599853515625</ele>
				<time>1970-01-01T04:47:33Z</time>
			</trkpt>
			<trkpt lat="46.091015338897705" lon="7.220978736877441">
				<ele>1295.1400146484375</ele>
				<time>1970-01-01T04:48:18Z</time>
			</trkpt>
			<trkpt lat="46.091015338897705" lon="7.220678329467773">
				<ele>1297.4300537109375</ele>
				<time>1970-01-01T04:48:35Z</time>
			</trkpt>
			<trkpt lat="46.09095096588135" lon="7.220292091369629">
				<ele>1295.760009765625</ele>
				<time>1970-01-01T04:48:57Z</time>
			</trkpt>
			<trkpt lat="46.09095096588135" lon="7.220292091369629">
				<ele>1295.760009765625</ele>
				<time>1970-01-01T04:48:57Z</time>
			</trkpt>
			<trkpt lat="46.09092950820923" lon="7.219970226287842">
				<ele>1294.449951171875</ele>
				<time>1970-01-01T04:49:15Z</time>
			</trkpt>
			<trkpt lat="46.09095096588135" lon="7.21975564956665">
				<ele>1293.780029296875</ele>
				<time>1970-01-01T04:49:27Z</time>
			</trkpt>
			<trkpt lat="46.09105825424194" lon="7.219390869140625">
				<ele>1296.97998046875</ele>
				<time>1970-01-01T04:49:49Z</time>
			</trkpt>
			<trkpt lat="46.09116554260254" lon="7.2191548347473145">
				<ele>1300.5999755859375</ele>
				<time>1970-01-01T04:50:04Z</time>
			</trkpt>
			<trkpt lat="46.09135866165161" lon="7.218940258026123">
				<ele>1302.7099609375</ele>
				<time>1970-01-01T04:50:24Z</time>
			</trkpt>
			<trkpt lat="46.09195947647095" lon="7.218639850616455">
				<ele>1319.8499755859375</ele>
				<time>1970-01-01T04:51:15Z</time>
			</trkpt>
			<trkpt lat="46.09210968017578" lon="7.218489646911621">
				<ele>1324.4100341796875</ele>
				<time>1970-01-01T04:51:29Z</time>
			</trkpt>
			<trkpt lat="46.09210968017578" lon="7.218489646911621">
				<ele>1324.4100341796875</ele>
				<time>1970-01-01T04:51:29Z</time>
			</trkpt>
			<trkpt lat="46.09230279922485" lon="7.218124866485596">
				<ele>1329.6700439453125</ele>
				<time>1970-01-01T04:51:55Z</time>
			</trkpt>
			<trkpt lat="46.09238862991333" lon="7.217717170715332">
				<ele>1329.260009765625</ele>
				<time>1970-01-01T04:52:19Z</time>
			</trkpt>
			<trkpt lat="46.09238862991333" lon="7.217717170715332">
				<ele>1329.260009765625</ele>
				<time>1970-01-01T04:52:19Z</time>
			</trkpt>
			<trkpt lat="46.09238862991333" lon="7.217652797698975">
				<ele>1328.5799560546875</ele>
				<time>1970-01-01T04:52:22Z</time>
			</trkpt>
			<trkpt lat="46.09238862991333" lon="7.217652797698975">
				<ele>1328.5799560546875</ele>
				<time>1970-01-01T04:52:22Z</time>
			</trkpt>
			<trkpt lat="46.09241008758545" lon="7.2173309326171875">
				<ele>1326.3499755859375</ele>
				<time>1970-01-01T04:52:40Z</time>
			</trkpt>
			<trkpt lat="46.09245300292969" lon="7.217137813568115">
				<ele>1326.47998046875</ele>
				<time>1970-01-01T04:52:51Z</time>
			</trkpt>
			<trkpt lat="46.09271049499512" lon="7.216644287109375">
				<ele>1334.0799560546875</ele>
				<time>1970-01-01T04:53:26Z</time>
			</trkpt>
			<trkpt lat="46.09294652938843" lon="7.215914726257324">
				<ele>1331.02001953125</ele>
				<time>1970-01-01T04:54:10Z</time>
			</trkpt>
			<trkpt lat="46.093246936798096" lon="7.215356826782227">
				<ele>1334.3900146484375</ele>
				<time>1970-01-01T04:54:50Z</time>
			</trkpt>
			<trkpt lat="46.09335422515869" lon="7.215335369110107">
				<ele>1339.6199951171875</ele>
				<time>1970-01-01T04:54:58Z</time>
			</trkpt>
			<trkpt lat="46.09339714050293" lon="7.215421199798584">
				<ele>1344.25</ele>
				<time>1970-01-01T04:55:04Z</time>
			</trkpt>
			<trkpt lat="46.09339714050293" lon="7.215421199798584">
				<ele>1344.25</ele>
				<time>1970-01-01T04:55:04Z</time>
			</trkpt>
			<trkpt lat="46.09339714050293" lon="7.215571403503418">
				<ele>1347.3499755859375</ele>
				<time>1970-01-01T04:55:12Z</time>
			</trkpt>
			<trkpt lat="46.093246936798096" lon="7.215700149536133">
				<ele>1342.8499755859375</ele>
				<time>1970-01-01T04:55:26Z</time>
			</trkpt>
			<trkpt lat="46.09316110610962" lon="7.215893268585205">
				<ele>1342.3800048828125</ele>
				<time>1970-01-01T04:55:39Z</time>
			</trkpt>
			<trkpt lat="46.092989444732666" lon="7.216708660125732">
				<ele>1346.1700439453125</ele>
				<time>1970-01-01T04:56:27Z</time>
			</trkpt>
			<trkpt lat="46.09296798706055" lon="7.217051982879639">
				<ele>1351.4100341796875</ele>
				<time>1970-01-01T04:56:46Z</time>
			</trkpt>
			<trkpt lat="46.093010902404785" lon="7.217652797698975">
				<ele>1358.9200439453125</ele>
				<time>1970-01-01T04:57:19Z</time>
			</trkpt>
			<trkpt lat="46.093010902404785" lon="7.217695713043213">
				<ele>1359.3900146484375</ele>
				<time>1970-01-01T04:57:22Z</time>
			</trkpt>
			<trkpt lat="46.093010902404785" lon="7.217695713043213">
				<ele>1359.3900146484375</ele>
				<time>1970-01-01T04:57:22Z</time>
			</trkpt>
			<trkpt lat="46.092989444732666" lon="7.21776008605957">
				<ele>1359.5699462890625</ele>
				<time>1970-01-01T04:57:26Z</time>
			</trkpt>
			<trkpt lat="46.092989444732666" lon="7.21776008605957">
				<ele>1359.5699462890625</ele>
				<time>1970-01-01T04:57:26Z</time>
			</trkpt>
			<trkpt lat="46.09286069869995" lon="7.2185540199279785">
				<ele>1361.3900146484375</ele>
				<time>1970-01-01T04:58:11Z</time>
			</trkpt>
			<trkpt lat="46.09290361404419" lon="7.219326496124268">
				<ele>1369.8599853515625</ele>
				<time>1970-01-01T04:58:54Z</time>
			</trkpt>
			<trkpt lat="46.09288215637207" lon="7.219583988189697">
				<ele>1371.8900146484375</ele>
				<time>1970-01-01T04:59:08Z</time>
			</trkpt>
			<trkpt lat="46.092753410339355" lon="7.219970226287842">
				<ele>1370.2099609375</ele>
				<time>1970-01-01T04:59:32Z</time>
			</trkpt>
			<trkpt lat="46.092753410339355" lon="7.219970226287842">
				<ele>1370.2099609375</ele>
				<time>1970-01-01T04:59:32Z</time>
			</trkpt>
			<trkpt lat="46.092753410339355" lon="7.2200775146484375">
				<ele>1369.199951171875</ele>
				<time>1970-01-01T04:59:38Z</time>
			</trkpt>
			<trkpt lat="46.092796325683594" lon="7.220141887664795">
				<ele>1370.31005859375</ele>
				<time>1970-01-01T04:59:43Z</time>
			</trkpt>
			<trkpt lat="46.092796325683594" lon="7.220141887664795">
				<ele>1370.31005859375</ele>
				<time>1970-01-01T04:59:43Z</time>
			</trkpt>
			<trkpt lat="46.09288215637207" lon="7.220141887664795">
				<ele>1373.93994140625</ele>
				<time>1970-01-01T04:59:50Z</time>
			</trkpt>
			<trkpt lat="46.09292507171631" lon="7.2200775146484375">
				<ele>1376.22998046875</ele>
				<time>1970-01-01T04:59:55Z</time>
			</trkpt>
			<trkpt lat="46.09292507171631" lon="7.2200775146484375">
				<ele>1376.22998046875</ele>
				<time>1970-01-01T04:59:55Z</time>
			</trkpt>
			<trkpt lat="46.09292507171631" lon="7.220056056976318">
				<ele>1376.3800048828125</ele>
				<time>1970-01-01T04:59:56Z</time>
			</trkpt>
			<trkpt lat="46.09292507171631" lon="7.220056056976318">
				<ele>1376.3800048828125</ele>
				<time>1970-01-01T04:59:56Z</time>
			</trkpt>
			<trkpt lat="46.09305381774902" lon="7.219712734222412">
				<ele>1379.72998046875</ele>
				<time>1970-01-01T05:00:18Z</time>
			</trkpt>
			<trkpt lat="46.09322547912598" lon="7.218875885009766">
				<ele>1382.0999755859375</ele>
				<time>1970-01-01T05:01:06Z</time>
			</trkpt>
			<trkpt lat="46.09333276748657" lon="7.218725681304932">
				<ele>1384.260009765625</ele>
				<time>1970-01-01T05:01:18Z</time>
			</trkpt>
			<trkpt lat="46.093482971191406" lon="7.218596935272217">
				<ele>1386.3599853515625</ele>
				<time>1970-01-01T05:01:32Z</time>
			</trkpt>
			<trkpt lat="46.093482971191406" lon="7.218596935272217">
				<ele>1386.3599853515625</ele>
				<time>1970-01-01T05:01:32Z</time>
			</trkpt>
			<trkpt lat="46.093761920928955" lon="7.2184038162231445">
				<ele>1389.239990234375</ele>
				<time>1970-01-01T05:01:57Z</time>
			</trkpt>
			<trkpt lat="46.09393358230591" lon="7.218017578125">
				<ele>1390.25</ele>
				<time>1970-01-01T05:02:22Z</time>
			</trkpt>
			<trkpt lat="46.093997955322266" lon="7.217974662780762">
				<ele>1391.56005859375</ele>
				<time>1970-01-01T05:02:28Z</time>
			</trkpt>
			<trkpt lat="46.093997955322266" lon="7.217974662780762">
				<ele>1391.56005859375</ele>
				<time>1970-01-01T05:02:28Z</time>
			</trkpt>
			<trkpt lat="46.093997955322266" lon="7.217996120452881">
				<ele>1391.72998046875</ele>
				<time>1970-01-01T05:02:29Z</time>
			</trkpt>
			<trkpt lat="46.093997955322266" lon="7.217996120452881">
				<ele>1391.72998046875</ele>
				<time>1970-01-01T05:02:29Z</time>
			</trkpt>
			<trkpt lat="46.09406232833862" lon="7.218124866485596">
				<ele>1394.219970703125</ele>
				<time>1970-01-01T05:02:38Z</time>
			</trkpt>
			<trkpt lat="46.09406232833862" lon="7.218382358551025">
				<ele>1396.0799560546875</ele>
				<time>1970-01-01T05:02:52Z</time>
			</trkpt>
			<trkpt lat="46.093997955322266" lon="7.218639850616455">
				<ele>1396.949951171875</ele>
				<time>1970-01-01T05:03:08Z</time>
			</trkpt>
			<trkpt lat="46.09386920928955" lon="7.218961715698242">
				<ele>1396.949951171875</ele>
				<time>1970-01-01T05:03:28Z</time>
			</trkpt>
			<trkpt lat="46.09386920928955" lon="7.218961715698242">
				<ele>1396.949951171875</ele>
				<time>1970-01-01T05:03:28Z</time>
			</trkpt>
			<trkpt lat="46.09386920928955" lon="7.219047546386719">
				<ele>1397.8800048828125</ele>
				<time>1970-01-01T05:03:33Z</time>
			</trkpt>
			<trkpt lat="46.09389066696167" lon="7.219133377075195">
				<ele>1399.219970703125</ele>
				<time>1970-01-01T05:03:38Z</time>
			</trkpt>
			<trkpt lat="46.09395503997803" lon="7.219176292419434">
				<ele>1401.1600341796875</ele>
				<time>1970-01-01T05:03:44Z</time>
			</trkpt>
			<trkpt lat="46.094019412994385" lon="7.2191548347473145">
				<ele>1402.6400146484375</ele>
				<time>1970-01-01T05:03:49Z</time>
			</trkpt>
			<trkpt lat="46.09406232833862" lon="7.219069004058838">
				<ele>1402.9200439453125</ele>
				<time>1970-01-01T05:03:55Z</time>
			</trkpt>
			<trkpt lat="46.09408378601074" lon="7.21876859664917">
				<ele>1400.0</ele>
				<time>1970-01-01T05:04:12Z</time>
			</trkpt>
			<trkpt lat="46.0941481590271" lon="7.218596935272217">
				<ele>1399.1300048828125</ele>
				<time>1970-01-01T05:04:23Z</time>
			</trkpt>
			<trkpt lat="46.094233989715576" lon="7.218532562255859">
				<ele>1400.25</ele>
				<time>1970-01-01T05:04:30Z</time>
			</trkpt>
			<trkpt lat="46.094491481781006" lon="7.218468189239502">
				<ele>1403.81005859375</ele>
				<time>1970-01-01T05:04:51Z</time>
			</trkpt>
			<trkpt lat="46.0947060585022" lon="7.21827507019043">
				<ele>1406.550048828125</ele>
				<time>1970-01-01T05:05:11Z</time>
			</trkpt>
			<trkpt lat="46.0947060585022" lon="7.21827507019043">
				<ele>1406.550048828125</ele>
				<time>1970-01-01T05:05:11Z</time>
			</trkpt>
			<trkpt lat="46.0947060585022" lon="7.21827507019043">
				<ele>1406.550048828125</ele>
				<time>1970-01-01T05:05:11Z</time>
			</trkpt>
			<trkpt lat="46.09475362300873" lon="7.218203783035278">
				<ele>1406.8800048828125</ele>
				<time>1970-01-01T05:05:17Z</time>
			</trkpt>
			<trkpt lat="46.09480893611908" lon="7.2182804346084595">
				<ele>1408.0699462890625</ele>
				<time>1970-01-01T05:05:23Z</time>
			</trkpt>
			<trkpt lat="46.09475362300873" lon="7.218203783035278">
				<ele>1406.8800048828125</ele>
				<time>1970-01-01T05:05:29Z</time>
			</trkpt>
			<trkpt lat="46.09483480453491" lon="7.218081951141357">
				<ele>1407.5999755859375</ele>
				<time>1970-01-01T05:05:39Z</time>
			</trkpt>
			<trkpt lat="46.09483480453491" lon="7.218081951141357">
				<ele>1407.5999755859375</ele>
				<time>1970-01-01T05:05:39Z</time>
			</trkpt>
			<trkpt lat="46.09489917755127" lon="7.217996120452881">
				<ele>1408.300048828125</ele>
				<time>1970-01-01T05:05:46Z</time>
			</trkpt>
			<trkpt lat="46.09489917755127" lon="7.217996120452881">
				<ele>1408.300048828125</ele>
				<time>1970-01-01T05:05:46Z</time>
			</trkpt>
			<trkpt lat="46.09534978866577" lon="7.217373847961426">
				<ele>1412.949951171875</ele>
				<time>1970-01-01T05:06:36Z</time>
			</trkpt>
			<trkpt lat="46.095499992370605" lon="7.217223644256592">
				<ele>1412.68994140625</ele>
				<time>1970-01-01T05:06:50Z</time>
			</trkpt>
			<trkpt lat="46.095499992370605" lon="7.217223644256592">
				<ele>1412.68994140625</ele>
				<time>1970-01-01T05:06:50Z</time>
			</trkpt>
			<trkpt lat="46.095757484436035" lon="7.217094898223877">
				<ele>1414.5400390625</ele>
				<time>1970-01-01T05:07:12Z</time>
			</trkpt>
			<trkpt lat="46.095757484436035" lon="7.217094898223877">
				<ele>1414.5400390625</ele>
				<time>1970-01-01T05:07:12Z</time>
			</trkpt>
			<trkpt lat="46.0956072807312" lon="7.217609882354736">
				<ele>1421.260009765625</ele>
				<time>1970-01-01T05:07:43Z</time>
			</trkpt>
			<trkpt lat="46.09558582305908" lon="7.217867374420166">
				<ele>1423.8699951171875</ele>
				<time>1970-01-01T05:07:57Z</time>
			</trkpt>
			<trkpt lat="46.0956072807312" lon="7.218189239501953">
				<ele>1426.1500244140625</ele>
				<time>1970-01-01T05:08:15Z</time>
			</trkpt>
			<trkpt lat="46.0956072807312" lon="7.218189239501953">
				<ele>1426.1500244140625</ele>
				<time>1970-01-01T05:08:15Z</time>
			</trkpt>
			<trkpt lat="46.09569311141968" lon="7.2185540199279785">
				<ele>1428.260009765625</ele>
				<time>1970-01-01T05:08:37Z</time>
			</trkpt>
			<trkpt lat="46.09584331512451" lon="7.218918800354004">
				<ele>1431.6099853515625</ele>
				<time>1970-01-01T05:09:00Z</time>
			</trkpt>
			<trkpt lat="46.09584331512451" lon="7.218918800354004">
				<ele>1431.6099853515625</ele>
				<time>1970-01-01T05:09:00Z</time>
			</trkpt>
			<trkpt lat="46.0960578918457" lon="7.2191548347473145">
				<ele>1436.1099853515625</ele>
				<time>1970-01-01T05:09:22Z</time>
			</trkpt>
			<trkpt lat="46.09618663787842" lon="7.219347953796387">
				<ele>1438.9000244140625</ele>
				<time>1970-01-01T05:09:37Z</time>
			</trkpt>
			<trkpt lat="46.09618663787842" lon="7.219347953796387">
				<ele>1438.9000244140625</ele>
				<time>1970-01-01T05:09:37Z</time>
			</trkpt>
			<trkpt lat="46.09610080718994" lon="7.219841480255127">
				<ele>1441.5799560546875</ele>
				<time>1970-01-01T05:10:05Z</time>
			</trkpt>
			<trkpt lat="46.09614372253418" lon="7.220056056976318">
				<ele>1444.56005859375</ele>
				<time>1970-01-01T05:10:18Z</time>
			</trkpt>
			<trkpt lat="46.09646558761597" lon="7.220571041107178">
				<ele>1452.699951171875</ele>
				<time>1970-01-01T05:10:56Z</time>
			</trkpt>
			<trkpt lat="46.09655141830444" lon="7.22076416015625">
				<ele>1454.030029296875</ele>
				<time>1970-01-01T05:11:09Z</time>
			</trkpt>
			<trkpt lat="46.096529960632324" lon="7.221429347991943">
				<ele>1459.5899658203125</ele>
				<time>1970-01-01T05:11:46Z</time>
			</trkpt>
			<trkpt lat="46.0966157913208" lon="7.222030162811279">
				<ele>1462.8199462890625</ele>
				<time>1970-01-01T05:12:20Z</time>
			</trkpt>
			<trkpt lat="46.0966157913208" lon="7.222030162811279">
				<ele>1462.8199462890625</ele>
				<time>1970-01-01T05:12:20Z</time>
			</trkpt>
			<trkpt lat="46.09659433364868" lon="7.222738265991211">
				<ele>1471.4000244140625</ele>
				<time>1970-01-01T05:12:59Z</time>
			</trkpt>
			<trkpt lat="46.09665870666504" lon="7.222931385040283">
				<ele>1473.949951171875</ele>
				<time>1970-01-01T05:13:11Z</time>
			</trkpt>
			<trkpt lat="46.09689474105835" lon="7.223296165466309">
				<ele>1476.0699462890625</ele>
				<time>1970-01-01T05:13:39Z</time>
			</trkpt>
			<trkpt lat="46.09695911407471" lon="7.223424911499023">
				<ele>1476.449951171875</ele>
				<time>1970-01-01T05:13:48Z</time>
			</trkpt>
			<trkpt lat="46.097002029418945" lon="7.223596572875977">
				<ele>1476.3800048828125</ele>
				<time>1970-01-01T05:13:58Z</time>
			</trkpt>
			<trkpt lat="46.096980571746826" lon="7.22376823425293">
				<ele>1476.0</ele>
				<time>1970-01-01T05:14:07Z</time>
			</trkpt>
			<trkpt lat="46.096980571746826" lon="7.22376823425293">
				<ele>1476.0</ele>
				<time>1970-01-01T05:14:07Z</time>
			</trkpt>
			<trkpt lat="46.09687328338623" lon="7.224068641662598">
				<ele>1475.3800048828125</ele>
				<time>1970-01-01T05:14:26Z</time>
			</trkpt>
			<trkpt lat="46.09687328338623" lon="7.224068641662598">
				<ele>1475.3800048828125</ele>
				<time>1970-01-01T05:14:26Z</time>
			</trkpt>
			<trkpt lat="46.096272468566895" lon="7.22550630569458">
				<ele>1483.2900390625</ele>
				<time>1970-01-01T05:15:59Z</time>
			</trkpt>
			<trkpt lat="46.096272468566895" lon="7.22550630569458">
				<ele>1483.2900390625</ele>
				<time>1970-01-01T05:15:59Z</time>
			</trkpt>
			<trkpt lat="46.0961651802063" lon="7.22576379776001">
				<ele>1485.6199951171875</ele>
				<time>1970-01-01T05:16:16Z</time>
			</trkpt>
			<trkpt lat="46.09610080718994" lon="7.225914001464844">
				<ele>1486.1300048828125</ele>
				<time>1970-01-01T05:16:26Z</time>
			</trkpt>
			<trkpt lat="46.09610080718994" lon="7.225914001464844">
				<ele>1486.1300048828125</ele>
				<time>1970-01-01T05:16:26Z</time>
			</trkpt>
			<trkpt lat="46.09607934951782" lon="7.22599983215332">
				<ele>1486.75</ele>
				<time>1970-01-01T05:16:31Z</time>
			</trkpt>
			<trkpt lat="46.09607934951782" lon="7.22599983215332">
				<ele>1486.75</ele>
				<time>1970-01-01T05:16:31Z</time>
			</trkpt>
			<trkpt lat="46.0960578918457" lon="7.226343154907227">
				<ele>1487.3199462890625</ele>
				<time>1970-01-01T05:16:50Z</time>
			</trkpt>
			<trkpt lat="46.0960578918457" lon="7.226922512054443">
				<ele>1489.2099609375</ele>
				<time>1970-01-01T05:17:22Z</time>
			</trkpt>
			<trkpt lat="46.0960578918457" lon="7.227029800415039">
				<ele>1489.2099609375</ele>
				<time>1970-01-01T05:17:28Z</time>
			</trkpt>
			<trkpt lat="46.0960578918457" lon="7.227137088775635">
				<ele>1489.2099609375</ele>
				<time>1970-01-01T05:17:34Z</time>
			</trkpt>
			<trkpt lat="46.0960578918457" lon="7.227137088775635">
				<ele>1489.2099609375</ele>
				<time>1970-01-01T05:17:34Z</time>
			</trkpt>
			<trkpt lat="46.0960578918457" lon="7.227952480316162">
				<ele>1490.1099853515625</ele>
				<time>1970-01-01T05:18:19Z</time>
			</trkpt>
			<trkpt lat="46.0960578918457" lon="7.227952480316162">
				<ele>1490.1099853515625</ele>
				<time>1970-01-01T05:18:19Z</time>
			</trkpt>
			<trkpt lat="46.0960578918457" lon="7.228381633758545">
				<ele>1492.3399658203125</ele>
				<time>1970-01-01T05:18:43Z</time>
			</trkpt>
			<trkpt lat="46.09607934951782" lon="7.228596210479736">
				<ele>1494.6500244140625</ele>
				<time>1970-01-01T05:18:55Z</time>
			</trkpt>
			<trkpt lat="46.09607934951782" lon="7.228596210479736">
				<ele>1494.6500244140625</ele>
				<time>1970-01-01T05:18:55Z</time>
			</trkpt>
			<trkpt lat="46.096036434173584" lon="7.228660583496094">
				<ele>1495.030029296875</ele>
				<time>1970-01-01T05:19:00Z</time>
			</trkpt>
			<trkpt lat="46.09607934951782" lon="7.2287678718566895">
				<ele>1495.969970703125</ele>
				<time>1970-01-01T05:19:07Z</time>
			</trkpt>
			<trkpt lat="46.09607934951782" lon="7.2287678718566895">
				<ele>1495.969970703125</ele>
				<time>1970-01-01T05:19:07Z</time>
			</trkpt>
			<trkpt lat="46.09607934951782" lon="7.229025363922119">
				<ele>1498.8800048828125</ele>
				<time>1970-01-01T05:19:21Z</time>
			</trkpt>
			<trkpt lat="46.09607934951782" lon="7.229025363922119">
				<ele>1498.8800048828125</ele>
				<time>1970-01-01T05:19:21Z</time>
			</trkpt>
			<trkpt lat="46.09612226486206" lon="7.229132652282715">
				<ele>1500.47998046875</ele>
				<time>1970-01-01T05:19:28Z</time>
			</trkpt>
			<trkpt lat="46.09612226486206" lon="7.229132652282715">
				<ele>1500.47998046875</ele>
				<time>1970-01-01T05:19:28Z</time>
			</trkpt>
			<trkpt lat="46.096251010894775" lon="7.22926139831543">
				<ele>1503.27001953125</ele>
				<time>1970-01-01T05:19:41Z</time>
			</trkpt>
			<trkpt lat="46.09640121459961" lon="7.2292399406433105">
				<ele>1503.5899658203125</ele>
				<time>1970-01-01T05:19:53Z</time>
			</trkpt>
			<trkpt lat="46.09640121459961" lon="7.2292399406433105">
				<ele>1503.5899658203125</ele>
				<time>1970-01-01T05:19:53Z</time>
			</trkpt>
			<trkpt lat="46.09670162200928" lon="7.229218482971191">
				<ele>1504.3699951171875</ele>
				<time>1970-01-01T05:20:17Z</time>
			</trkpt>
			<trkpt lat="46.09683036804199" lon="7.22926139831543">
				<ele>1504.8399658203125</ele>
				<time>1970-01-01T05:20:28Z</time>
			</trkpt>
			<trkpt lat="46.09683036804199" lon="7.22926139831543">
				<ele>1504.8399658203125</ele>
				<time>1970-01-01T05:20:28Z</time>
			</trkpt>
			<trkpt lat="46.097044944763184" lon="7.2293901443481445">
				<ele>1506.9200439453125</ele>
				<time>1970-01-01T05:20:46Z</time>
			</trkpt>
			<trkpt lat="46.09794616699219" lon="7.229862213134766">
				<ele>1517.3499755859375</ele>
				<time>1970-01-01T05:22:03Z</time>
			</trkpt>
			<trkpt lat="46.098246574401855" lon="7.229905128479004">
				<ele>1521.1400146484375</ele>
				<time>1970-01-01T05:22:27Z</time>
			</trkpt>
			<trkpt lat="46.098246574401855" lon="7.229905128479004">
				<ele>1521.1400146484375</ele>
				<time>1970-01-01T05:22:27Z</time>
			</trkpt>
			<trkpt lat="46.098783016204834" lon="7.229819297790527">
				<ele>1527.9000244140625</ele>
				<time>1970-01-01T05:23:10Z</time>
			</trkpt>
			<trkpt lat="46.09912633895874" lon="7.2298407554626465">
				<ele>1532.1400146484375</ele>
				<time>1970-01-01T05:23:38Z</time>
			</trkpt>
			<trkpt lat="46.09912633895874" lon="7.2298407554626465">
				<ele>1532.1400146484375</ele>
				<time>1970-01-01T05:23:38Z</time>
			</trkpt>
			<trkpt lat="46.099534034729004" lon="7.229862213134766">
				<ele>1539.5799560546875</ele>
				<time>1970-01-01T05:24:11Z</time>
			</trkpt>
			<trkpt lat="46.09970569610596" lon="7.2298407554626465">
				<ele>1541.800048828125</ele>
				<time>1970-01-01T05:24:24Z</time>
			</trkpt>
			<trkpt lat="46.10037088394165" lon="7.229433059692383">
				<ele>1544.3900146484375</ele>
				<time>1970-01-01T05:25:22Z</time>
			</trkpt>
			<trkpt lat="46.1006498336792" lon="7.229325771331787">
				<ele>1547.5</ele>
				<time>1970-01-01T05:25:45Z</time>
			</trkpt>
			<trkpt lat="46.1006498336792" lon="7.229325771331787">
				<ele>1547.5</ele>
				<time>1970-01-01T05:25:45Z</time>
			</trkpt>
			<trkpt lat="46.100778579711914" lon="7.22926139831543">
				<ele>1549.199951171875</ele>
				<time>1970-01-01T05:25:56Z</time>
			</trkpt>
			<trkpt lat="46.100778579711914" lon="7.22926139831543">
				<ele>1549.199951171875</ele>
				<time>1970-01-01T05:25:56Z</time>
			</trkpt>
			<trkpt lat="46.10082149505615" lon="7.229218482971191">
				<ele>1549.7099609375</ele>
				<time>1970-01-01T05:26:00Z</time>
			</trkpt>
			<trkpt lat="46.10082149505615" lon="7.229218482971191">
				<ele>1549.7099609375</ele>
				<time>1970-01-01T05:26:00Z</time>
			</trkpt>
			<trkpt lat="46.10086441040039" lon="7.229197025299072">
				<ele>1550.050048828125</ele>
				<time>1970-01-01T05:26:04Z</time>
			</trkpt>
			<trkpt lat="46.10146522521973" lon="7.228853702545166">
				<ele>1555.050048828125</ele>
				<time>1970-01-01T05:26:56Z</time>
			</trkpt>
			<trkpt lat="46.10159397125244" lon="7.228724956512451">
				<ele>1555.97998046875</ele>
				<time>1970-01-01T05:27:08Z</time>
			</trkpt>
			<trkpt lat="46.10159397125244" lon="7.228724956512451">
				<ele>1555.97998046875</ele>
				<time>1970-01-01T05:27:08Z</time>
			</trkpt>
			<trkpt lat="46.101722717285156" lon="7.2286176681518555">
				<ele>1558.0799560546875</ele>
				<time>1970-01-01T05:27:20Z</time>
			</trkpt>
			<trkpt lat="46.102001667022705" lon="7.2283172607421875">
				<ele>1563.4300537109375</ele>
				<time>1970-01-01T05:27:48Z</time>
			</trkpt>
			<trkpt lat="46.10236644744873" lon="7.227802276611328">
				<ele>1572.3599853515625</ele>
				<time>1970-01-01T05:28:29Z</time>
			</trkpt>
			<trkpt lat="46.10258102416992" lon="7.227287292480469">
				<ele>1575.8399658203125</ele>
				<time>1970-01-01T05:29:02Z</time>
			</trkpt>
			<trkpt lat="46.10258102416992" lon="7.227287292480469">
				<ele>1575.8399658203125</ele>
				<time>1970-01-01T05:29:02Z</time>
			</trkpt>
			<trkpt lat="46.1026668548584" lon="7.227051258087158">
				<ele>1576.68994140625</ele>
				<time>1970-01-01T05:29:17Z</time>
			</trkpt>
			<trkpt lat="46.10290288925171" lon="7.226407527923584">
				<ele>1582.4200439453125</ele>
				<time>1970-01-01T05:29:58Z</time>
			</trkpt>
			<trkpt lat="46.103031635284424" lon="7.225892543792725">
				<ele>1585.449951171875</ele>
				<time>1970-01-01T05:30:28Z</time>
			</trkpt>
			<trkpt lat="46.103482246398926" lon="7.224862575531006">
				<ele>1591.3499755859375</ele>
				<time>1970-01-01T05:31:36Z</time>
			</trkpt>
			<trkpt lat="46.103482246398926" lon="7.224862575531006">
				<ele>1591.3499755859375</ele>
				<time>1970-01-01T05:31:36Z</time>
			</trkpt>
			<trkpt lat="46.10354661941528" lon="7.224905490875244">
				<ele>1592.5799560546875</ele>
				<time>1970-01-01T05:31:41Z</time>
			</trkpt>
			<trkpt lat="46.10358953475952" lon="7.224884033203125">
				<ele>1593.1099853515625</ele>
				<time>1970-01-01T05:31:45Z</time>
			</trkpt>
			<trkpt lat="46.10358953475952" lon="7.224884033203125">
				<ele>1593.1099853515625</ele>
				<time>1970-01-01T05:31:45Z</time>
			</trkpt>
			<trkpt lat="46.10358953475952" lon="7.22501277923584">
				<ele>1593.9000244140625</ele>
				<time>1970-01-01T05:31:52Z</time>
			</trkpt>
			<trkpt lat="46.10358953475952" lon="7.22501277923584">
				<ele>1593.9000244140625</ele>
				<time>1970-01-01T05:31:52Z</time>
			</trkpt>
			<trkpt lat="46.103482246398926" lon="7.225484848022461">
				<ele>1595.4300537109375</ele>
				<time>1970-01-01T05:32:20Z</time>
			</trkpt>
			<trkpt lat="46.103482246398926" lon="7.225484848022461">
				<ele>1595.4300537109375</ele>
				<time>1970-01-01T05:32:20Z</time>
			</trkpt>
			<trkpt lat="46.103482246398926" lon="7.2258710861206055">
				<ele>1595.6500244140625</ele>
				<time>1970-01-01T05:32:41Z</time>
			</trkpt>
			<trkpt lat="46.1035680770874" lon="7.226343154907227">
				<ele>1598.5799560546875</ele>
				<time>1970-01-01T05:33:08Z</time>
			</trkpt>
			<trkpt lat="46.103739738464355" lon="7.226729393005371">
				<ele>1602.5400390625</ele>
				<time>1970-01-01T05:33:34Z</time>
			</trkpt>
			<trkpt lat="46.10393285751343" lon="7.226965427398682">
				<ele>1605.949951171875</ele>
				<time>1970-01-01T05:33:54Z</time>
			</trkpt>
			<trkpt lat="46.104469299316406" lon="7.227373123168945">
				<ele>1612.489990234375</ele>
				<time>1970-01-01T05:34:43Z</time>
			</trkpt>
			<trkpt lat="46.104469299316406" lon="7.227373123168945">
				<ele>1612.489990234375</ele>
				<time>1970-01-01T05:34:43Z</time>
			</trkpt>
			<trkpt lat="46.10556364059448" lon="7.228231430053711">
				<ele>1624.8399658203125</ele>
				<time>1970-01-01T05:36:22Z</time>
			</trkpt>
			<trkpt lat="46.10605716705322" lon="7.228660583496094">
				<ele>1631.5699462890625</ele>
				<time>1970-01-01T05:37:08Z</time>
			</trkpt>
			<trkpt lat="46.106228828430176" lon="7.228918075561523">
				<ele>1636.8900146484375</ele>
				<time>1970-01-01T05:37:28Z</time>
			</trkpt>
			<trkpt lat="46.106228828430176" lon="7.228918075561523">
				<ele>1636.8900146484375</ele>
				<time>1970-01-01T05:37:28Z</time>
			</trkpt>
			<trkpt lat="46.10644340515137" lon="7.22975492477417">
				<ele>1639.3800048828125</ele>
				<time>1970-01-01T05:38:18Z</time>
			</trkpt>
			<trkpt lat="46.10661506652832" lon="7.230269908905029">
				<ele>1642.199951171875</ele>
				<time>1970-01-01T05:38:50Z</time>
			</trkpt>
			<trkpt lat="46.106743812561035" lon="7.230548858642578">
				<ele>1645.0</ele>
				<time>1970-01-01T05:39:08Z</time>
			</trkpt>
			<trkpt lat="46.107280254364014" lon="7.23125696182251">
				<ele>1654.4300537109375</ele>
				<time>1970-01-01T05:40:06Z</time>
			</trkpt>
			<trkpt lat="46.10764503479004" lon="7.23175048828125">
				<ele>1658.6400146484375</ele>
				<time>1970-01-01T05:40:46Z</time>
			</trkpt>
			<trkpt lat="46.107773780822754" lon="7.232072353363037">
				<ele>1662.8299560546875</ele>
				<time>1970-01-01T05:41:07Z</time>
			</trkpt>
			<trkpt lat="46.10783815383911" lon="7.232394218444824">
				<ele>1667.18994140625</ele>
				<time>1970-01-01T05:41:26Z</time>
			</trkpt>
			<trkpt lat="46.10781669616699" lon="7.232630252838135">
				<ele>1668.7099609375</ele>
				<time>1970-01-01T05:41:39Z</time>
			</trkpt>
			<trkpt lat="46.107730865478516" lon="7.23299503326416">
				<ele>1668.989990234375</ele>
				<time>1970-01-01T05:42:00Z</time>
			</trkpt>
			<trkpt lat="46.10762357711792" lon="7.233209609985352">
				<ele>1668.3399658203125</ele>
				<time>1970-01-01T05:42:15Z</time>
			</trkpt>
			<trkpt lat="46.10743045806885" lon="7.233767509460449">
				<ele>1673.5899658203125</ele>
				<time>1970-01-01T05:42:50Z</time>
			</trkpt>
			<trkpt lat="46.1071515083313" lon="7.23423957824707">
				<ele>1672.8800048828125</ele>
				<time>1970-01-01T05:43:24Z</time>
			</trkpt>
			<trkpt lat="46.10708713531494" lon="7.234454154968262">
				<ele>1673.02001953125</ele>
				<time>1970-01-01T05:43:37Z</time>
			</trkpt>
			<trkpt lat="46.10710859298706" lon="7.23475456237793">
				<ele>1675.6600341796875</ele>
				<time>1970-01-01T05:43:54Z</time>
			</trkpt>
			<trkpt lat="46.107280254364014" lon="7.235205173492432">
				<ele>1682.02001953125</ele>
				<time>1970-01-01T05:44:22Z</time>
			</trkpt>
			<trkpt lat="46.10734462738037" lon="7.235441207885742">
				<ele>1684.0400390625</ele>
				<time>1970-01-01T05:44:36Z</time>
			</trkpt>
			<trkpt lat="46.10740900039673" lon="7.235784530639648">
				<ele>1687.68994140625</ele>
				<time>1970-01-01T05:44:56Z</time>
			</trkpt>
			<trkpt lat="46.10740900039673" lon="7.235784530639648">
				<ele>1687.68994140625</ele>
				<time>1970-01-01T05:44:56Z</time>
			</trkpt>
			<trkpt lat="46.10736608505249" lon="7.236020565032959">
				<ele>1689.4000244140625</ele>
				<time>1970-01-01T05:45:10Z</time>
			</trkpt>
			<trkpt lat="46.107001304626465" lon="7.23675012588501">
				<ele>1691.1700439453125</ele>
				<time>1970-01-01T05:46:00Z</time>
			</trkpt>
			<trkpt lat="46.1067008972168" lon="7.237265110015869">
				<ele>1698.949951171875</ele>
				<time>1970-01-01T05:46:37Z</time>
			</trkpt>
			<trkpt lat="46.1067008972168" lon="7.237265110015869">
				<ele>1698.949951171875</ele>
				<time>1970-01-01T05:46:37Z</time>
			</trkpt>
			<trkpt lat="46.10655069351196" lon="7.23750114440918">
				<ele>1705.8800048828125</ele>
				<time>1970-01-01T05:46:55Z</time>
			</trkpt>
			<trkpt lat="46.10592842102051" lon="7.2382307052612305">
				<ele>1717.6800537109375</ele>
				<time>1970-01-01T05:47:59Z</time>
			</trkpt>
			<trkpt lat="46.105735301971436" lon="7.238509654998779">
				<ele>1722.469970703125</ele>
				<time>1970-01-01T05:48:21Z</time>
			</trkpt>
			<trkpt lat="46.10517740249634" lon="7.239110469818115">
				<ele>1728.8900146484375</ele>
				<time>1970-01-01T05:49:17Z</time>
			</trkpt>
			<trkpt lat="46.104984283447266" lon="7.239410877227783">
				<ele>1735.0400390625</ele>
				<time>1970-01-01T05:49:39Z</time>
			</trkpt>
			<trkpt lat="46.10479116439819" lon="7.239582538604736">
				<ele>1736.56005859375</ele>
				<time>1970-01-01T05:49:58Z</time>
			</trkpt>
			<trkpt lat="46.104254722595215" lon="7.239904403686523">
				<ele>1734.56005859375</ele>
				<time>1970-01-01T05:50:44Z</time>
			</trkpt>
			<trkpt lat="46.10391139984131" lon="7.240183353424072">
				<ele>1742.5999755859375</ele>
				<time>1970-01-01T05:51:16Z</time>
			</trkpt>
			<trkpt lat="46.10335350036621" lon="7.240440845489502">
				<ele>1746.219970703125</ele>
				<time>1970-01-01T05:52:03Z</time>
			</trkpt>
			<trkpt lat="46.10318183898926" lon="7.240569591522217">
				<ele>1748.6300048828125</ele>
				<time>1970-01-01T05:52:18Z</time>
			</trkpt>
			<trkpt lat="46.102731227874756" lon="7.241084575653076">
				<ele>1755.97998046875</ele>
				<time>1970-01-01T05:53:04Z</time>
			</trkpt>
			<trkpt lat="46.101722717285156" lon="7.24198579788208">
				<ele>1761.6500244140625</ele>
				<time>1970-01-01T05:54:39Z</time>
			</trkpt>
			<trkpt lat="46.101722717285156" lon="7.24198579788208">
				<ele>1761.6500244140625</ele>
				<time>1970-01-01T05:54:39Z</time>
			</trkpt>
			<trkpt lat="46.101722717285156" lon="7.242071628570557">
				<ele>1763.8900146484375</ele>
				<time>1970-01-01T05:54:44Z</time>
			</trkpt>
			<trkpt lat="46.101765632629395" lon="7.242136001586914">
				<ele>1766.18994140625</ele>
				<time>1970-01-01T05:54:49Z</time>
			</trkpt>
			<trkpt lat="46.10187292098999" lon="7.242136001586914">
				<ele>1768.530029296875</ele>
				<time>1970-01-01T05:54:57Z</time>
			</trkpt>
			<trkpt lat="46.10187292098999" lon="7.242136001586914">
				<ele>1768.530029296875</ele>
				<time>1970-01-01T05:54:57Z</time>
			</trkpt>
			<trkpt lat="46.10240936279297" lon="7.2418999671936035">
				<ele>1777.5899658203125</ele>
				<time>1970-01-01T05:55:42Z</time>
			</trkpt>
			<trkpt lat="46.10281705856323" lon="7.241621017456055">
				<ele>1778.9100341796875</ele>
				<time>1970-01-01T05:56:18Z</time>
			</trkpt>
			<trkpt lat="46.10346078872681" lon="7.241449356079102">
				<ele>1791.739990234375</ele>
				<time>1970-01-01T05:57:11Z</time>
			</trkpt>
			<trkpt lat="46.10479116439819" lon="7.241299152374268">
				<ele>1808.9300537109375</ele>
				<time>1970-01-01T05:58:58Z</time>
			</trkpt>
			<trkpt lat="46.10534906387329" lon="7.2411274909973145">
				<ele>1812.1400146484375</ele>
				<time>1970-01-01T05:59:43Z</time>
			</trkpt>
			<trkpt lat="46.10607862472534" lon="7.2409772872924805">
				<ele>1817.5</ele>
				<time>1970-01-01T06:00:42Z</time>
			</trkpt>
			<trkpt lat="46.10644340515137" lon="7.241063117980957">
				<ele>1822.56005859375</ele>
				<time>1970-01-01T06:01:12Z</time>
			</trkpt>
			<trkpt lat="46.106765270233154" lon="7.241213321685791">
				<ele>1831.6400146484375</ele>
				<time>1970-01-01T06:01:39Z</time>
			</trkpt>
			<trkpt lat="46.106765270233154" lon="7.241213321685791">
				<ele>1831.6400146484375</ele>
				<time>1970-01-01T06:01:39Z</time>
			</trkpt>
			<trkpt lat="46.10693693161011" lon="7.241256237030029">
				<ele>1835.1300048828125</ele>
				<time>1970-01-01T06:01:53Z</time>
			</trkpt>
			<trkpt lat="46.10708713531494" lon="7.24123477935791">
				<ele>1836.239990234375</ele>
				<time>1970-01-01T06:02:05Z</time>
			</trkpt>
			<trkpt lat="46.107473373413086" lon="7.2409987449646">
				<ele>1836.6600341796875</ele>
				<time>1970-01-01T06:02:39Z</time>
			</trkpt>
			<trkpt lat="46.10783815383911" lon="7.240719795227051">
				<ele>1836.449951171875</ele>
				<time>1970-01-01T06:03:12Z</time>
			</trkpt>
			<trkpt lat="46.108009815216064" lon="7.240655422210693">
				<ele>1836.6400146484375</ele>
				<time>1970-01-01T06:03:26Z</time>
			</trkpt>
			<trkpt lat="46.108224391937256" lon="7.240762710571289">
				<ele>1842.030029296875</ele>
				<time>1970-01-01T06:03:44Z</time>
			</trkpt>
			<trkpt lat="46.10843896865845" lon="7.240655422210693">
				<ele>1843.0699462890625</ele>
				<time>1970-01-01T06:04:02Z</time>
			</trkpt>
			<trkpt lat="46.108524799346924" lon="7.240655422210693">
				<ele>1844.4200439453125</ele>
				<time>1970-01-01T06:04:09Z</time>
			</trkpt>
			<trkpt lat="46.10880374908447" lon="7.2408270835876465">
				<ele>1853.5400390625</ele>
				<time>1970-01-01T06:04:34Z</time>
			</trkpt>
			<trkpt lat="46.109018325805664" lon="7.240891456604004">
				<ele>1859.8499755859375</ele>
				<time>1970-01-01T06:04:51Z</time>
			</trkpt>
			<trkpt lat="46.10910415649414" lon="7.240869998931885">
				<ele>1861.1199951171875</ele>
				<time>1970-01-01T06:04:58Z</time>
			</trkpt>
			<trkpt lat="46.10914707183838" lon="7.240805625915527">
				<ele>1860.3299560546875</ele>
				<time>1970-01-01T06:05:03Z</time>
			</trkpt>
			<trkpt lat="46.10918998718262" lon="7.240505218505859">
				<ele>1852.8800048828125</ele>
				<time>1970-01-01T06:05:20Z</time>
			</trkpt>
			<trkpt lat="46.109275817871094" lon="7.240419387817383">
				<ele>1853.2099609375</ele>
				<time>1970-01-01T06:05:28Z</time>
			</trkpt>
			<trkpt lat="46.10957622528076" lon="7.2403764724731445">
				<ele>1863.219970703125</ele>
				<time>1970-01-01T06:05:53Z</time>
			</trkpt>
			<trkpt lat="46.10989809036255" lon="7.240161895751953">
				<ele>1866.9300537109375</ele>
				<time>1970-01-01T06:06:21Z</time>
			</trkpt>
			<trkpt lat="46.11056327819824" lon="7.240011692047119">
				<ele>1877.989990234375</ele>
				<time>1970-01-01T06:07:15Z</time>
			</trkpt>
			<trkpt lat="46.11129283905029" lon="7.2394537925720215">
				<ele>1882.239990234375</ele>
				<time>1970-01-01T06:08:21Z</time>
			</trkpt>
			<trkpt lat="46.11167907714844" lon="7.239367961883545">
				<ele>1892.47998046875</ele>
				<time>1970-01-01T06:08:52Z</time>
			</trkpt>
			<trkpt lat="46.11193656921387" lon="7.239217758178711">
				<ele>1897.72998046875</ele>
				<time>1970-01-01T06:09:15Z</time>
			</trkpt>
			<trkpt lat="46.11236572265625" lon="7.23874568939209">
				<ele>1896.31005859375</ele>
				<time>1970-01-01T06:09:58Z</time>
			</trkpt>
			<trkpt lat="46.11266613006592" lon="7.238466739654541">
				<ele>1898.800048828125</ele>
				<time>1970-01-01T06:10:26Z</time>
			</trkpt>
			<trkpt lat="46.11313819885254" lon="7.238059043884277">
				<ele>1905.6500244140625</ele>
				<time>1970-01-01T06:11:11Z</time>
			</trkpt>
			<trkpt lat="46.11341714859009" lon="7.237908840179443">
				<ele>1913.18994140625</ele>
				<time>1970-01-01T06:11:34Z</time>
			</trkpt>
			<trkpt lat="46.11361026763916" lon="7.23773717880249">
				<ele>1916.1099853515625</ele>
				<time>1970-01-01T06:11:53Z</time>
			</trkpt>
			<trkpt lat="46.114511489868164" lon="7.236192226409912">
				<ele>1926.9599609375</ele>
				<time>1970-01-01T06:13:45Z</time>
			</trkpt>
			<trkpt lat="46.114661693573" lon="7.235891819000244">
				<ele>1930.6600341796875</ele>
				<time>1970-01-01T06:14:05Z</time>
			</trkpt>
			<trkpt lat="46.11485481262207" lon="7.2353339195251465">
				<ele>1932.0699462890625</ele>
				<time>1970-01-01T06:14:40Z</time>
			</trkpt>
			<trkpt lat="46.11485481262207" lon="7.2353339195251465">
				<ele>1932.0699462890625</ele>
				<time>1970-01-01T06:14:40Z</time>
			</trkpt>
			<trkpt lat="46.11519813537598" lon="7.235140800476074">
				<ele>1939.0</ele>
				<time>1970-01-01T06:15:09Z</time>
			</trkpt>
			<trkpt lat="46.11554145812988" lon="7.235119342803955">
				<ele>1945.02001953125</ele>
				<time>1970-01-01T06:15:37Z</time>
			</trkpt>
			<trkpt lat="46.1156702041626" lon="7.235054969787598">
				<ele>1946.8900146484375</ele>
				<time>1970-01-01T06:15:48Z</time>
			</trkpt>
			<trkpt lat="46.11592769622803" lon="7.234776020050049">
				<ele>1950.280029296875</ele>
				<time>1970-01-01T06:16:14Z</time>
			</trkpt>
			<trkpt lat="46.11618518829346" lon="7.234368324279785">
				<ele>1954.1700439453125</ele>
				<time>1970-01-01T06:16:44Z</time>
			</trkpt>
			<trkpt lat="46.116206645965576" lon="7.234325408935547">
				<ele>1954.6700439453125</ele>
				<time>1970-01-01T06:16:47Z</time>
			</trkpt>
			<trkpt lat="46.11633539199829" lon="7.234025001525879">
				<ele>1958.52001953125</ele>
				<time>1970-01-01T06:17:07Z</time>
			</trkpt>
			<trkpt lat="46.11642122268677" lon="7.2334885597229">
				<ele>1961.8399658203125</ele>
				<time>1970-01-01T06:17:37Z</time>
			</trkpt>
			<trkpt lat="46.11639976501465" lon="7.233166694641113">
				<ele>1963.6700439453125</ele>
				<time>1970-01-01T06:17:55Z</time>
			</trkpt>
			<trkpt lat="46.11635684967041" lon="7.232351303100586">
				<ele>1967.1800537109375</ele>
				<time>1970-01-01T06:18:41Z</time>
			</trkpt>
			<trkpt lat="46.11644268035889" lon="7.231128215789795">
				<ele>1979.31005859375</ele>
				<time>1970-01-01T06:19:49Z</time>
			</trkpt>
			<trkpt lat="46.11639976501465" lon="7.230591773986816">
				<ele>1983.3499755859375</ele>
				<time>1970-01-01T06:20:19Z</time>
			</trkpt>
			<trkpt lat="46.11614227294922" lon="7.229454517364502">
				<ele>1990.72998046875</ele>
				<time>1970-01-01T06:21:25Z</time>
			</trkpt>
			<trkpt lat="46.11609935760498" lon="7.229111194610596">
				<ele>1993.8900146484375</ele>
				<time>1970-01-01T06:21:45Z</time>
			</trkpt>
			<trkpt lat="46.11609935760498" lon="7.229111194610596">
				<ele>1993.8900146484375</ele>
				<time>1970-01-01T06:21:45Z</time>
			</trkpt>
			<trkpt lat="46.11588478088379" lon="7.227909564971924">
				<ele>2000.760009765625</ele>
				<time>1970-01-01T06:22:53Z</time>
			</trkpt>
			<trkpt lat="46.11569166183472" lon="7.22726583480835">
				<ele>2007.0899658203125</ele>
				<time>1970-01-01T06:23:32Z</time>
			</trkpt>
			<trkpt lat="46.115455627441406" lon="7.226214408874512">
				<ele>2015.3499755859375</ele>
				<time>1970-01-01T06:24:34Z</time>
			</trkpt>
			<trkpt lat="46.11541271209717" lon="7.225956916809082">
				<ele>2015.3499755859375</ele>
				<time>1970-01-01T06:24:48Z</time>
			</trkpt>
			<trkpt lat="46.11543416976929" lon="7.2252702713012695">
				<ele>2029.780029296875</ele>
				<time>1970-01-01T06:25:27Z</time>
			</trkpt>
			<trkpt lat="46.115262508392334" lon="7.2241973876953125">
				<ele>2037.22998046875</ele>
				<time>1970-01-01T06:26:28Z</time>
			</trkpt>
			<trkpt lat="46.114704608917236" lon="7.222909927368164">
				<ele>2041.489990234375</ele>
				<time>1970-01-01T06:27:52Z</time>
			</trkpt>
			<trkpt lat="46.11468315124512" lon="7.222244739532471">
				<ele>2048.590087890625</ele>
				<time>1970-01-01T06:28:29Z</time>
			</trkpt>
			<trkpt lat="46.114704608917236" lon="7.222158908843994">
				<ele>2050.3798828125</ele>
				<time>1970-01-01T06:28:34Z</time>
			</trkpt>
			<trkpt lat="46.114704608917236" lon="7.222158908843994">
				<ele>2050.3798828125</ele>
				<time>1970-01-01T06:28:34Z</time>
			</trkpt>
			<trkpt lat="46.114768981933594" lon="7.222137451171875">
				<ele>2053.719970703125</ele>
				<time>1970-01-01T06:28:39Z</time>
			</trkpt>
			<trkpt lat="46.11479043960571" lon="7.222201824188232">
				<ele>2054.489990234375</ele>
				<time>1970-01-01T06:28:43Z</time>
			</trkpt>
			<trkpt lat="46.11479043960571" lon="7.222416400909424">
				<ele>2052.27001953125</ele>
				<time>1970-01-01T06:28:55Z</time>
			</trkpt>
			<trkpt lat="46.11481189727783" lon="7.222630977630615">
				<ele>2050.409912109375</ele>
				<time>1970-01-01T06:29:07Z</time>
			</trkpt>
			<trkpt lat="46.114962100982666" lon="7.222909927368164">
				<ele>2054.52001953125</ele>
				<time>1970-01-01T06:29:27Z</time>
			</trkpt>
			<trkpt lat="46.11582040786743" lon="7.223789691925049">
				<ele>2075.64990234375</ele>
				<time>1970-01-01T06:30:51Z</time>
			</trkpt>
			<trkpt lat="46.11633539199829" lon="7.225291728973389">
				<ele>2080.659912109375</ele>
				<time>1970-01-01T06:32:24Z</time>
			</trkpt>
			<trkpt lat="46.116507053375244" lon="7.225699424743652">
				<ele>2082.550048828125</ele>
				<time>1970-01-01T06:32:51Z</time>
			</trkpt>
			<trkpt lat="46.1170220375061" lon="7.225892543792725">
				<ele>2090.419921875</ele>
				<time>1970-01-01T06:33:33Z</time>
			</trkpt>
			<trkpt lat="46.117472648620605" lon="7.226235866546631">
				<ele>2095.93994140625</ele>
				<time>1970-01-01T06:34:14Z</time>
			</trkpt>
			<trkpt lat="46.1175799369812" lon="7.22625732421875">
				<ele>2097.6298828125</ele>
				<time>1970-01-01T06:34:23Z</time>
			</trkpt>
			<trkpt lat="46.11860990524292" lon="7.22625732421875">
				<ele>2115.070068359375</ele>
				<time>1970-01-01T06:35:45Z</time>
			</trkpt>
			<trkpt lat="46.118717193603516" lon="7.226386070251465">
				<ele>2116.050048828125</ele>
				<time>1970-01-01T06:35:56Z</time>
			</trkpt>
			<trkpt lat="46.119210720062256" lon="7.227180004119873">
				<ele>2119.7900390625</ele>
				<time>1970-01-01T06:36:56Z</time>
			</trkpt>
			<trkpt lat="46.11957550048828" lon="7.227630615234375">
				<ele>2124.070068359375</ele>
				<time>1970-01-01T06:37:34Z</time>
			</trkpt>
			<trkpt lat="46.12011194229126" lon="7.228574752807617">
				<ele>2140.02001953125</ele>
				<time>1970-01-01T06:38:42Z</time>
			</trkpt>
			<trkpt lat="46.12011194229126" lon="7.228574752807617">
				<ele>2140.02001953125</ele>
				<time>1970-01-01T06:38:42Z</time>
			</trkpt>
			<trkpt lat="46.120240688323975" lon="7.228918075561523">
				<ele>2140.909912109375</ele>
				<time>1970-01-01T06:39:04Z</time>
			</trkpt>
			<trkpt lat="46.12058401107788" lon="7.229411602020264">
				<ele>2150.3701171875</ele>
				<time>1970-01-01T06:39:42Z</time>
			</trkpt>
			<trkpt lat="46.12069129943848" lon="7.2296905517578125">
				<ele>2154.02001953125</ele>
				<time>1970-01-01T06:40:00Z</time>
			</trkpt>
			<trkpt lat="46.120991706848145" lon="7.231299877166748">
				<ele>2163.1298828125</ele>
				<time>1970-01-01T06:41:33Z</time>
			</trkpt>
			<trkpt lat="46.12107753753662" lon="7.231600284576416">
				<ele>2165.02001953125</ele>
				<time>1970-01-01T06:41:51Z</time>
			</trkpt>
			<trkpt lat="46.12127065658569" lon="7.231943607330322">
				<ele>2168.949951171875</ele>
				<time>1970-01-01T06:42:15Z</time>
			</trkpt>
			<trkpt lat="46.12127065658569" lon="7.231943607330322">
				<ele>2168.949951171875</ele>
				<time>1970-01-01T06:42:15Z</time>
			</trkpt>
			<trkpt lat="46.12127065658569" lon="7.231965065002441">
				<ele>2168.7900390625</ele>
				<time>1970-01-01T06:42:16Z</time>
			</trkpt>
			<trkpt lat="46.12163543701172" lon="7.232351303100586">
				<ele>2169.070068359375</ele>
				<time>1970-01-01T06:42:53Z</time>
			</trkpt>
			<trkpt lat="46.12163543701172" lon="7.232351303100586">
				<ele>2169.070068359375</ele>
				<time>1970-01-01T06:42:53Z</time>
			</trkpt>
			<trkpt lat="46.121764183044434" lon="7.232372760772705">
				<ele>2168.760009765625</ele>
				<time>1970-01-01T06:43:03Z</time>
			</trkpt>
			<trkpt lat="46.121764183044434" lon="7.232372760772705">
				<ele>2168.760009765625</ele>
				<time>1970-01-01T06:43:03Z</time>
			</trkpt>
			<trkpt lat="46.12180709838867" lon="7.232329845428467">
				<ele>2169.3798828125</ele>
				<time>1970-01-01T06:43:07Z</time>
			</trkpt>
			<trkpt lat="46.12180709838867" lon="7.232329845428467">
				<ele>2169.3798828125</ele>
				<time>1970-01-01T06:43:07Z</time>
			</trkpt>
			<trkpt lat="46.12180709838867" lon="7.232329845428467">
				<ele>2169.3798828125</ele>
				<time>1970-01-01T06:43:07Z</time>
			</trkpt>
			<trkpt lat="46.1218124628067" lon="7.232319116592407">
				<ele>2169.5400390625</ele>
				<time>1970-01-01T06:43:08Z</time>
			</trkpt>
			<trkpt lat="46.12180709838867" lon="7.232329845428467">
				<ele>2169.3798828125</ele>
				<time>1970-01-01T06:43:09Z</time>
			</trkpt>
			<trkpt lat="46.12180709838867" lon="7.232329845428467">
				<ele>2169.3798828125</ele>
				<time>1970-01-01T06:43:09Z</time>
			</trkpt>
			<trkpt lat="46.12180709838867" lon="7.232329845428467">
				<ele>2169.3798828125</ele>
				<time>1970-01-01T06:43:09Z</time>
			</trkpt>
			<trkpt lat="46.122000217437744" lon="7.232222557067871">
				<ele>2169.219970703125</ele>
				<time>1970-01-01T06:43:25Z</time>
			</trkpt>
			<trkpt lat="46.1221718788147" lon="7.2322869300842285">
				<ele>2166.18994140625</ele>
				<time>1970-01-01T06:43:39Z</time>
			</trkpt>
			<trkpt lat="46.1221718788147" lon="7.232308387756348">
				<ele>2165.72998046875</ele>
				<time>1970-01-01T06:43:41Z</time>
			</trkpt>
			<trkpt lat="46.1221718788147" lon="7.232308387756348">
				<ele>2165.72998046875</ele>
				<time>1970-01-01T06:43:41Z</time>
			</trkpt>
			<trkpt lat="46.122257709503174" lon="7.232351303100586">
				<ele>2163.590087890625</ele>
				<time>1970-01-01T06:43:48Z</time>
			</trkpt>
			<trkpt lat="46.122751235961914" lon="7.232394218444824">
				<ele>2160.449951171875</ele>
				<time>1970-01-01T06:44:27Z</time>
			</trkpt>
			<trkpt lat="46.123201847076416" lon="7.232329845428467">
				<ele>2160.3701171875</ele>
				<time>1970-01-01T06:45:04Z</time>
			</trkpt>
			<trkpt lat="46.12343788146973" lon="7.2322869300842285">
				<ele>2157.510009765625</ele>
				<time>1970-01-01T06:45:23Z</time>
			</trkpt>
			<trkpt lat="46.12360954284668" lon="7.232179641723633">
				<ele>2156.7900390625</ele>
				<time>1970-01-01T06:45:38Z</time>
			</trkpt>
			<trkpt lat="46.12382411956787" lon="7.2321367263793945">
				<ele>2155.570068359375</ele>
				<time>1970-01-01T06:45:55Z</time>
			</trkpt>
			<trkpt lat="46.12382411956787" lon="7.2321367263793945">
				<ele>2155.570068359375</ele>
				<time>1970-01-01T06:45:55Z</time>
			</trkpt>
			<trkpt lat="46.124231815338135" lon="7.232179641723633">
				<ele>2149.080078125</ele>
				<time>1970-01-01T06:46:28Z</time>
			</trkpt>
			<trkpt lat="46.12431764602661" lon="7.2321367263793945">
				<ele>2148.489990234375</ele>
				<time>1970-01-01T06:46:35Z</time>
			</trkpt>
			<trkpt lat="46.124467849731445" lon="7.231943607330322">
				<ele>2149.1298828125</ele>
				<time>1970-01-01T06:46:51Z</time>
			</trkpt>
			<trkpt lat="46.124467849731445" lon="7.231943607330322">
				<ele>2149.1298828125</ele>
				<time>1970-01-01T06:46:51Z</time>
			</trkpt>
			<trkpt lat="46.1246395111084" lon="7.231836318969727">
				<ele>2148.14990234375</ele>
				<time>1970-01-01T06:47:06Z</time>
			</trkpt>
			<trkpt lat="46.124939918518066" lon="7.231729030609131">
				<ele>2146.72998046875</ele>
				<time>1970-01-01T06:47:31Z</time>
			</trkpt>
			<trkpt lat="46.12504720687866" lon="7.231557369232178">
				<ele>2149.669921875</ele>
				<time>1970-01-01T06:47:44Z</time>
			</trkpt>
			<trkpt lat="46.12511157989502" lon="7.231578826904297">
				<ele>2148.739990234375</ele>
				<time>1970-01-01T06:47:49Z</time>
			</trkpt>
			<trkpt lat="46.12511157989502" lon="7.231686115264893">
				<ele>2146.419921875</ele>
				<time>1970-01-01T06:47:55Z</time>
			</trkpt>
			<trkpt lat="46.12501561641693" lon="7.2319101095199585">
				<ele>2142.27001953125</ele>
				<time>1970-01-01T06:48:10Z</time>
			</trkpt>
			<trkpt lat="46.12501037120819" lon="7.231905579566956">
				<ele>2142.39990234375</ele>
				<time>1970-01-01T06:48:10Z</time>
			</trkpt>
			<trkpt lat="46.12501561641693" lon="7.2319101095199585">
				<ele>2142.27001953125</ele>
				<time>1970-01-01T06:48:11Z</time>
			</trkpt>
			<trkpt lat="46.124982833862305" lon="7.2319865226745605">
				<ele>2141.0400390625</ele>
				<time>1970-01-01T06:48:16Z</time>
			</trkpt>
			<trkpt lat="46.12489700317383" lon="7.232158184051514">
				<ele>2139.840087890625</ele>
				<time>1970-01-01T06:48:27Z</time>
			</trkpt>
			<trkpt lat="46.124725341796875" lon="7.2322869300842285">
				<ele>2140.449951171875</ele>
				<time>1970-01-01T06:48:43Z</time>
			</trkpt>
			<trkpt lat="46.124725341796875" lon="7.2322869300842285">
				<ele>2140.449951171875</ele>
				<time>1970-01-01T06:48:43Z</time>
			</trkpt>
			<trkpt lat="46.12459659576416" lon="7.232480049133301">
				<ele>2139.5400390625</ele>
				<time>1970-01-01T06:48:58Z</time>
			</trkpt>
			<trkpt lat="46.1245322227478" lon="7.232651710510254">
				<ele>2138.0</ele>
				<time>1970-01-01T06:49:09Z</time>
			</trkpt>
			<trkpt lat="46.124489307403564" lon="7.2328877449035645">
				<ele>2132.56005859375</ele>
				<time>1970-01-01T06:49:22Z</time>
			</trkpt>
			<trkpt lat="46.124510765075684" lon="7.233102321624756">
				<ele>2126.050048828125</ele>
				<time>1970-01-01T06:49:34Z</time>
			</trkpt>
			<trkpt lat="46.12436056137085" lon="7.233467102050781">
				<ele>2127.449951171875</ele>
				<time>1970-01-01T06:49:58Z</time>
			</trkpt>
			<trkpt lat="46.124210357666016" lon="7.233724594116211">
				<ele>2128.10009765625</ele>
				<time>1970-01-01T06:50:16Z</time>
			</trkpt>
			<trkpt lat="46.1241888999939" lon="7.233767509460449">
				<ele>2127.97998046875</ele>
				<time>1970-01-01T06:50:19Z</time>
			</trkpt>
			<trkpt lat="46.12427473068237" lon="7.233831882476807">
				<ele>2125.159912109375</ele>
				<time>1970-01-01T06:50:27Z</time>
			</trkpt>
			<trkpt lat="46.12455368041992" lon="7.233531475067139">
				<ele>2121.85009765625</ele>
				<time>1970-01-01T06:50:55Z</time>
			</trkpt>
			<trkpt lat="46.12487554550171" lon="7.233295440673828">
				<ele>2115.7900390625</ele>
				<time>1970-01-01T06:51:24Z</time>
			</trkpt>
			<trkpt lat="46.12502574920654" lon="7.233102321624756">
				<ele>2118.6298828125</ele>
				<time>1970-01-01T06:51:40Z</time>
			</trkpt>
			<trkpt lat="46.12551927566528" lon="7.233016490936279">
				<ele>2114.0400390625</ele>
				<time>1970-01-01T06:52:20Z</time>
			</trkpt>
			<trkpt lat="46.12581968307495" lon="7.23275899887085">
				<ele>2112.590087890625</ele>
				<time>1970-01-01T06:52:48Z</time>
			</trkpt>
			<trkpt lat="46.12618446350098" lon="7.232522964477539">
				<ele>2110.639892578125</ele>
				<time>1970-01-01T06:53:20Z</time>
			</trkpt>
			<trkpt lat="46.12661361694336" lon="7.232565879821777">
				<ele>2104.889892578125</ele>
				<time>1970-01-01T06:53:54Z</time>
			</trkpt>
			<trkpt lat="46.126742362976074" lon="7.232522964477539">
				<ele>2102.7099609375</ele>
				<time>1970-01-01T06:54:05Z</time>
			</trkpt>
			<trkpt lat="46.126742362976074" lon="7.232522964477539">
				<ele>2102.7099609375</ele>
				<time>1970-01-01T06:54:05Z</time>
			</trkpt>
			<trkpt lat="46.12680673599243" lon="7.232480049133301">
				<ele>2101.919921875</ele>
				<time>1970-01-01T06:54:10Z</time>
			</trkpt>
			<trkpt lat="46.12680673599243" lon="7.232480049133301">
				<ele>2101.919921875</ele>
				<time>1970-01-01T06:54:10Z</time>
			</trkpt>
			<trkpt lat="46.12715005874634" lon="7.232265472412109">
				<ele>2096.280029296875</ele>
				<time>1970-01-01T06:54:40Z</time>
			</trkpt>
			<trkpt lat="46.12734317779541" lon="7.2319865226745605">
				<ele>2098.2099609375</ele>
				<time>1970-01-01T06:55:02Z</time>
			</trkpt>
			<trkpt lat="46.12751483917236" lon="7.231879234313965">
				<ele>2096.35009765625</ele>
				<time>1970-01-01T06:55:17Z</time>
			</trkpt>
			<trkpt lat="46.127707958221436" lon="7.231664657592773">
				<ele>2093.97998046875</ele>
				<time>1970-01-01T06:55:37Z</time>
			</trkpt>
			<trkpt lat="46.127965450286865" lon="7.231578826904297">
				<ele>2090.030029296875</ele>
				<time>1970-01-01T06:55:58Z</time>
			</trkpt>
			<trkpt lat="46.1281156539917" lon="7.2313642501831055">
				<ele>2091.3701171875</ele>
				<time>1970-01-01T06:56:15Z</time>
			</trkpt>
			<trkpt lat="46.12835168838501" lon="7.231385707855225">
				<ele>2084.5400390625</ele>
				<time>1970-01-01T06:56:34Z</time>
			</trkpt>
			<trkpt lat="46.12845849990845" lon="7.231292247772217">
				<ele>2082.199951171875</ele>
				<time>1970-01-01T06:56:44Z</time>
			</trkpt>
			<trkpt lat="46.12845993041992" lon="7.231295585632324">
				<ele>2082.1298828125</ele>
				<time>1970-01-01T06:56:44Z</time>
			</trkpt>
			<trkpt lat="46.12845849990845" lon="7.231292247772217">
				<ele>2082.199951171875</ele>
				<time>1970-01-01T06:56:44Z</time>
			</trkpt>
			<trkpt lat="46.12852334976196" lon="7.231235504150391">
				<ele>2080.409912109375</ele>
				<time>1970-01-01T06:56:50Z</time>
			</trkpt>
			<trkpt lat="46.12893104553223" lon="7.2306132316589355">
				<ele>2078.0400390625</ele>
				<time>1970-01-01T06:57:38Z</time>
			</trkpt>
			<trkpt lat="46.12942457199097" lon="7.230055332183838">
				<ele>2075.1201171875</ele>
				<time>1970-01-01T06:58:28Z</time>
			</trkpt>
			<trkpt lat="46.129724979400635" lon="7.2298407554626465">
				<ele>2068.590087890625</ele>
				<time>1970-01-01T06:58:55Z</time>
			</trkpt>
			<trkpt lat="46.13017559051514" lon="7.229068279266357">
				<ele>2068.2900390625</ele>
				<time>1970-01-01T06:59:51Z</time>
			</trkpt>
			<trkpt lat="46.13017559051514" lon="7.229068279266357">
				<ele>2068.2900390625</ele>
				<time>1970-01-01T06:59:51Z</time>
			</trkpt>
			<trkpt lat="46.130197048187256" lon="7.229025363922119">
				<ele>2068.360107421875</ele>
				<time>1970-01-01T06:59:54Z</time>
			</trkpt>
			<trkpt lat="46.130197048187256" lon="7.229025363922119">
				<ele>2068.360107421875</ele>
				<time>1970-01-01T06:59:54Z</time>
			</trkpt>
			<trkpt lat="46.13030433654785" lon="7.228875160217285">
				<ele>2067.919921875</ele>
				<time>1970-01-01T07:00:06Z</time>
			</trkpt>
			<trkpt lat="46.13039016723633" lon="7.228703498840332">
				<ele>2069.280029296875</ele>
				<time>1970-01-01T07:00:18Z</time>
			</trkpt>
			<trkpt lat="46.130497455596924" lon="7.2286176681518555">
				<ele>2069.280029296875</ele>
				<time>1970-01-01T07:00:27Z</time>
			</trkpt>
			<trkpt lat="46.13054037094116" lon="7.228660583496094">
				<ele>2067.449951171875</ele>
				<time>1970-01-01T07:00:32Z</time>
			</trkpt>
			<trkpt lat="46.13054037094116" lon="7.2287678718566895">
				<ele>2065.1298828125</ele>
				<time>1970-01-01T07:00:38Z</time>
			</trkpt>
			<trkpt lat="46.130454540252686" lon="7.228982448577881">
				<ele>2062.320068359375</ele>
				<time>1970-01-01T07:00:51Z</time>
			</trkpt>
			<trkpt lat="46.13034725189209" lon="7.229347229003906">
				<ele>2058.139892578125</ele>
				<time>1970-01-01T07:01:13Z</time>
			</trkpt>
			<trkpt lat="46.13030433654785" lon="7.229969501495361">
				<ele>2052.169921875</ele>
				<time>1970-01-01T07:01:48Z</time>
			</trkpt>
			<trkpt lat="46.13004684448242" lon="7.230634689331055">
				<ele>2049.659912109375</ele>
				<time>1970-01-01T07:02:30Z</time>
			</trkpt>
			<trkpt lat="46.1300253868103" lon="7.231085300445557">
				<ele>2044.02001953125</ele>
				<time>1970-01-01T07:02:55Z</time>
			</trkpt>
			<trkpt lat="46.129724979400635" lon="7.231385707855225">
				<ele>2044.7900390625</ele>
				<time>1970-01-01T07:03:25Z</time>
			</trkpt>
			<trkpt lat="46.12966060638428" lon="7.231600284576416">
				<ele>2041.1600341796875</ele>
				<time>1970-01-01T07:03:38Z</time>
			</trkpt>
			<trkpt lat="46.12966060638428" lon="7.231600284576416">
				<ele>2041.1600341796875</ele>
				<time>1970-01-01T07:03:38Z</time>
			</trkpt>
			<trkpt lat="46.129488945007324" lon="7.2321367263793945">
				<ele>2035.2099609375</ele>
				<time>1970-01-01T07:04:10Z</time>
			</trkpt>
			<trkpt lat="46.129467487335205" lon="7.232351303100586">
				<ele>2034.739990234375</ele>
				<time>1970-01-01T07:04:22Z</time>
			</trkpt>
			<trkpt lat="46.129252910614014" lon="7.233166694641113">
				<ele>2033.8900146484375</ele>
				<time>1970-01-01T07:05:11Z</time>
			</trkpt>
			<trkpt lat="46.12910270690918" lon="7.2339606285095215">
				<ele>2027.27001953125</ele>
				<time>1970-01-01T07:05:56Z</time>
			</trkpt>
			<trkpt lat="46.128973960876465" lon="7.234175205230713">
				<ele>2025.1400146484375</ele>
				<time>1970-01-01T07:06:12Z</time>
			</trkpt>
			<trkpt lat="46.1285662651062" lon="7.235441207885742">
				<ele>2016.5400390625</ele>
				<time>1970-01-01T07:07:30Z</time>
			</trkpt>
			<trkpt lat="46.128437519073486" lon="7.235612869262695">
				<ele>2015.72998046875</ele>
				<time>1970-01-01T07:07:44Z</time>
			</trkpt>
			<trkpt lat="46.12841606140137" lon="7.235698699951172">
				<ele>2014.25</ele>
				<time>1970-01-01T07:07:49Z</time>
			</trkpt>
			<trkpt lat="46.12841606140137" lon="7.235698699951172">
				<ele>2014.25</ele>
				<time>1970-01-01T07:07:49Z</time>
			</trkpt>
			<trkpt lat="46.128458976745605" lon="7.23574161529541">
				<ele>2012.5799560546875</ele>
				<time>1970-01-01T07:07:53Z</time>
			</trkpt>
			<trkpt lat="46.12860918045044" lon="7.235677242279053">
				<ele>2009.8199462890625</ele>
				<time>1970-01-01T07:08:06Z</time>
			</trkpt>
			<trkpt lat="46.1291241645813" lon="7.23499059677124">
				<ele>2007.3299560546875</ele>
				<time>1970-01-01T07:09:02Z</time>
			</trkpt>
			<trkpt lat="46.129467487335205" lon="7.234840393066406">
				<ele>2001.530029296875</ele>
				<time>1970-01-01T07:09:30Z</time>
			</trkpt>
			<trkpt lat="46.13017559051514" lon="7.234325408935547">
				<ele>1994.93994140625</ele>
				<time>1970-01-01T07:10:34Z</time>
			</trkpt>
			<trkpt lat="46.13028287887573" lon="7.234218120574951">
				<ele>1994.1800537109375</ele>
				<time>1970-01-01T07:10:44Z</time>
			</trkpt>
			<trkpt lat="46.130433082580566" lon="7.233874797821045">
				<ele>1994.0999755859375</ele>
				<time>1970-01-01T07:11:07Z</time>
			</trkpt>
			<trkpt lat="46.13062620162964" lon="7.233531475067139">
				<ele>1990.219970703125</ele>
				<time>1970-01-01T07:11:31Z</time>
			</trkpt>
			<trkpt lat="46.13101243972778" lon="7.233402729034424">
				<ele>1981.4000244140625</ele>
				<time>1970-01-01T07:12:03Z</time>
			</trkpt>
			<trkpt lat="46.13116264343262" lon="7.233295440673828">
				<ele>1980.800048828125</ele>
				<time>1970-01-01T07:12:17Z</time>
			</trkpt>
			<trkpt lat="46.13137722015381" lon="7.233037948608398">
				<ele>1981.8699951171875</ele>
				<time>1970-01-01T07:12:39Z</time>
			</trkpt>
			<trkpt lat="46.13167762756348" lon="7.232973575592041">
				<ele>1978.0799560546875</ele>
				<time>1970-01-01T07:13:03Z</time>
			</trkpt>
			<trkpt lat="46.131720542907715" lon="7.2328877449035645">
				<ele>1978.1800537109375</ele>
				<time>1970-01-01T07:13:09Z</time>
			</trkpt>
			<trkpt lat="46.13178491592407" lon="7.232651710510254">
				<ele>1978.949951171875</ele>
				<time>1970-01-01T07:13:23Z</time>
			</trkpt>
			<trkpt lat="46.13182783126831" lon="7.232565879821777">
				<ele>1979.280029296875</ele>
				<time>1970-01-01T07:13:29Z</time>
			</trkpt>
			<trkpt lat="46.132214069366455" lon="7.2322869300842285">
				<ele>1974.47998046875</ele>
				<time>1970-01-01T07:14:04Z</time>
			</trkpt>
			<trkpt lat="46.132450103759766" lon="7.231857776641846">
				<ele>1970.77001953125</ele>
				<time>1970-01-01T07:14:34Z</time>
			</trkpt>
			<trkpt lat="46.13262176513672" lon="7.23175048828125">
				<ele>1966.97998046875</ele>
				<time>1970-01-01T07:14:49Z</time>
			</trkpt>
			<trkpt lat="46.13292217254639" lon="7.231407165527344">
				<ele>1961.6600341796875</ele>
				<time>1970-01-01T07:15:20Z</time>
			</trkpt>
			<trkpt lat="46.1330509185791" lon="7.231149673461914">
				<ele>1963.25</ele>
				<time>1970-01-01T07:15:37Z</time>
			</trkpt>
			<trkpt lat="46.1330509185791" lon="7.231149673461914">
				<ele>1963.25</ele>
				<time>1970-01-01T07:15:37Z</time>
			</trkpt>
			<trkpt lat="46.1331582069397" lon="7.231128215789795">
				<ele>1961.22998046875</ele>
				<time>1970-01-01T07:15:46Z</time>
			</trkpt>
			<trkpt lat="46.133179664611816" lon="7.231235504150391">
				<ele>1959.27001953125</ele>
				<time>1970-01-01T07:15:52Z</time>
			</trkpt>
			<trkpt lat="46.13307237625122" lon="7.23149299621582">
				<ele>1958.3699951171875</ele>
				<time>1970-01-01T07:16:09Z</time>
			</trkpt>
			<trkpt lat="46.13307237625122" lon="7.23149299621582">
				<ele>1958.3699951171875</ele>
				<time>1970-01-01T07:16:09Z</time>
			</trkpt>
			<trkpt lat="46.13307237625122" lon="7.23149299621582">
				<ele>1958.3699951171875</ele>
				<time>1970-01-01T07:16:09Z</time>
			</trkpt>
			<trkpt lat="46.13306260108948" lon="7.231523156166077">
				<ele>1958.1500244140625</ele>
				<time>1970-01-01T07:16:11Z</time>
			</trkpt>
			<trkpt lat="46.13307237625122" lon="7.23149299621582">
				<ele>1958.3699951171875</ele>
				<time>1970-01-01T07:16:13Z</time>
			</trkpt>
			<trkpt lat="46.13307237625122" lon="7.23149299621582">
				<ele>1958.3699951171875</ele>
				<time>1970-01-01T07:16:13Z</time>
			</trkpt>
			<trkpt lat="46.13307237625122" lon="7.23149299621582">
				<ele>1958.3699951171875</ele>
				<time>1970-01-01T07:16:13Z</time>
			</trkpt>
			<trkpt lat="46.132986545562744" lon="7.231686115264893">
				<ele>1957.239990234375</ele>
				<time>1970-01-01T07:16:25Z</time>
			</trkpt>
			<trkpt lat="46.13290071487427" lon="7.232029438018799">
				<ele>1956.010009765625</ele>
				<time>1970-01-01T07:16:46Z</time>
			</trkpt>
			<trkpt lat="46.13290071487427" lon="7.232029438018799">
				<ele>1956.010009765625</ele>
				<time>1970-01-01T07:16:46Z</time>
			</trkpt>
			<trkpt lat="46.13287925720215" lon="7.232329845428467">
				<ele>1953.3800048828125</ele>
				<time>1970-01-01T07:17:02Z</time>
			</trkpt>
			<trkpt lat="46.132943630218506" lon="7.23275899887085">
				<ele>1946.72998046875</ele>
				<time>1970-01-01T07:17:27Z</time>
			</trkpt>
			<trkpt lat="46.132750511169434" lon="7.23299503326416">
				<ele>1948.949951171875</ele>
				<time>1970-01-01T07:17:47Z</time>
			</trkpt>
			<trkpt lat="46.132729053497314" lon="7.233102321624756">
				<ele>1948.3599853515625</ele>
				<time>1970-01-01T07:17:53Z</time>
			</trkpt>
			<trkpt lat="46.132686138153076" lon="7.233681678771973">
				<ele>1942.6800537109375</ele>
				<time>1970-01-01T07:18:26Z</time>
			</trkpt>
			<trkpt lat="46.1326003074646" lon="7.234089374542236">
				<ele>1939.969970703125</ele>
				<time>1970-01-01T07:18:49Z</time>
			</trkpt>
			<trkpt lat="46.132493019104004" lon="7.234411239624023">
				<ele>1937.75</ele>
				<time>1970-01-01T07:19:09Z</time>
			</trkpt>
			<trkpt lat="46.132471561431885" lon="7.234776020050049">
				<ele>1933.18994140625</ele>
				<time>1970-01-01T07:19:29Z</time>
			</trkpt>
			<trkpt lat="46.132471561431885" lon="7.234776020050049">
				<ele>1933.18994140625</ele>
				<time>1970-01-01T07:19:29Z</time>
			</trkpt>
			<trkpt lat="46.13240718841553" lon="7.2350335121154785">
				<ele>1932.9300537109375</ele>
				<time>1970-01-01T07:19:45Z</time>
			</trkpt>
			<trkpt lat="46.13238573074341" lon="7.235205173492432">
				<ele>1932.3599853515625</ele>
				<time>1970-01-01T07:19:54Z</time>
			</trkpt>
			<trkpt lat="46.132493019104004" lon="7.23574161529541">
				<ele>1926.0799560546875</ele>
				<time>1970-01-01T07:20:25Z</time>
			</trkpt>
			<trkpt lat="46.132471561431885" lon="7.235977649688721">
				<ele>1923.4300537109375</ele>
				<time>1970-01-01T07:20:38Z</time>
			</trkpt>
			<trkpt lat="46.13225698471069" lon="7.2364068031311035">
				<ele>1921.4300537109375</ele>
				<time>1970-01-01T07:21:08Z</time>
			</trkpt>
			<trkpt lat="46.13184928894043" lon="7.236835956573486">
				<ele>1920.6700439453125</ele>
				<time>1970-01-01T07:21:48Z</time>
			</trkpt>
			<trkpt lat="46.13184928894043" lon="7.236835956573486">
				<ele>1920.6700439453125</ele>
				<time>1970-01-01T07:21:48Z</time>
			</trkpt>
			<trkpt lat="46.131742000579834" lon="7.237050533294678">
				<ele>1919.5</ele>
				<time>1970-01-01T07:22:03Z</time>
			</trkpt>
			<trkpt lat="46.131742000579834" lon="7.237050533294678">
				<ele>1919.5</ele>
				<time>1970-01-01T07:22:03Z</time>
			</trkpt>
			<trkpt lat="46.13161325454712" lon="7.237329483032227">
				<ele>1915.8699951171875</ele>
				<time>1970-01-01T07:22:21Z</time>
			</trkpt>
			<trkpt lat="46.13129138946533" lon="7.237565517425537">
				<ele>1915.9599609375</ele>
				<time>1970-01-01T07:22:50Z</time>
			</trkpt>
			<trkpt lat="46.1310338973999" lon="7.237951755523682">
				<ele>1911.4599609375</ele>
				<time>1970-01-01T07:23:20Z</time>
			</trkpt>
			<trkpt lat="46.13081932067871" lon="7.238123416900635">
				<ele>1911.3199462890625</ele>
				<time>1970-01-01T07:23:40Z</time>
			</trkpt>
			<trkpt lat="46.13066911697388" lon="7.238359451293945">
				<ele>1910.050048828125</ele>
				<time>1970-01-01T07:23:58Z</time>
			</trkpt>
			<trkpt lat="46.13054037094116" lon="7.238895893096924">
				<ele>1905.6199951171875</ele>
				<time>1970-01-01T07:24:29Z</time>
			</trkpt>
			<trkpt lat="46.130454540252686" lon="7.2391533851623535">
				<ele>1902.9100341796875</ele>
				<time>1970-01-01T07:24:45Z</time>
			</trkpt>
			<trkpt lat="46.130197048187256" lon="7.2396039962768555">
				<ele>1898.530029296875</ele>
				<time>1970-01-01T07:25:17Z</time>
			</trkpt>
			<trkpt lat="46.129982471466064" lon="7.240033149719238">
				<ele>1893.4200439453125</ele>
				<time>1970-01-01T07:25:47Z</time>
			</trkpt>
			<trkpt lat="46.12987518310547" lon="7.240183353424072">
				<ele>1894.800048828125</ele>
				<time>1970-01-01T07:25:59Z</time>
			</trkpt>
			<trkpt lat="46.12987518310547" lon="7.240290641784668">
				<ele>1893.030029296875</ele>
				<time>1970-01-01T07:26:05Z</time>
			</trkpt>
			<trkpt lat="46.12989664077759" lon="7.240355014801025">
				<ele>1891.280029296875</ele>
				<time>1970-01-01T07:26:09Z</time>
			</trkpt>
			<trkpt lat="46.129982471466064" lon="7.2403764724731445">
				<ele>1888.1800537109375</ele>
				<time>1970-01-01T07:26:16Z</time>
			</trkpt>
			<trkpt lat="46.1300253868103" lon="7.240333557128906">
				<ele>1887.5899658203125</ele>
				<time>1970-01-01T07:26:20Z</time>
			</trkpt>
			<trkpt lat="46.13017559051514" lon="7.240054607391357">
				<ele>1889.239990234375</ele>
				<time>1970-01-01T07:26:39Z</time>
			</trkpt>
			<trkpt lat="46.130433082580566" lon="7.239968776702881">
				<ele>1888.18994140625</ele>
				<time>1970-01-01T07:27:01Z</time>
			</trkpt>
			<trkpt lat="46.13077640533447" lon="7.239646911621094">
				<ele>1888.9300537109375</ele>
				<time>1970-01-01T07:27:33Z</time>
			</trkpt>
			<trkpt lat="46.131248474121094" lon="7.239518165588379">
				<ele>1876.68994140625</ele>
				<time>1970-01-01T07:28:12Z</time>
			</trkpt>
			<trkpt lat="46.131463050842285" lon="7.23923921585083">
				<ele>1876.4200439453125</ele>
				<time>1970-01-01T07:28:35Z</time>
			</trkpt>
			<trkpt lat="46.13161325454712" lon="7.239174842834473">
				<ele>1876.6800537109375</ele>
				<time>1970-01-01T07:28:47Z</time>
			</trkpt>
			<trkpt lat="46.131999492645264" lon="7.239110469818115">
				<ele>1871.5</ele>
				<time>1970-01-01T07:29:19Z</time>
			</trkpt>
			<trkpt lat="46.13253593444824" lon="7.238767147064209">
				<ele>1871.5999755859375</ele>
				<time>1970-01-01T07:30:06Z</time>
			</trkpt>
			<trkpt lat="46.1336088180542" lon="7.238681316375732">
				<ele>1857.550048828125</ele>
				<time>1970-01-01T07:31:32Z</time>
			</trkpt>
			<trkpt lat="46.13378047943115" lon="7.238724231719971">
				<ele>1855.3900146484375</ele>
				<time>1970-01-01T07:31:46Z</time>
			</trkpt>
			<trkpt lat="46.133930683135986" lon="7.238724231719971">
				<ele>1853.780029296875</ele>
				<time>1970-01-01T07:31:58Z</time>
			</trkpt>
			<trkpt lat="46.133930683135986" lon="7.238724231719971">
				<ele>1853.780029296875</ele>
				<time>1970-01-01T07:31:58Z</time>
			</trkpt>
			<trkpt lat="46.133995056152344" lon="7.238702774047852">
				<ele>1853.3900146484375</ele>
				<time>1970-01-01T07:32:03Z</time>
			</trkpt>
			<trkpt lat="46.133995056152344" lon="7.238702774047852">
				<ele>1853.3900146484375</ele>
				<time>1970-01-01T07:32:03Z</time>
			</trkpt>
			<trkpt lat="46.13429546356201" lon="7.238531112670898">
				<ele>1848.469970703125</ele>
				<time>1970-01-01T07:32:29Z</time>
			</trkpt>
			<trkpt lat="46.134445667266846" lon="7.238316535949707">
				<ele>1846.8800048828125</ele>
				<time>1970-01-01T07:32:46Z</time>
			</trkpt>
			<trkpt lat="46.13459587097168" lon="7.23799467086792">
				<ele>1846.5699462890625</ele>
				<time>1970-01-01T07:33:07Z</time>
			</trkpt>
			<trkpt lat="46.134703159332275" lon="7.237844467163086">
				<ele>1845.3800048828125</ele>
				<time>1970-01-01T07:33:19Z</time>
			</trkpt>
			<trkpt lat="46.13481044769287" lon="7.237801551818848">
				<ele>1842.8199462890625</ele>
				<time>1970-01-01T07:33:28Z</time>
			</trkpt>
			<trkpt lat="46.134939193725586" lon="7.237844467163086">
				<ele>1837.8499755859375</ele>
				<time>1970-01-01T07:33:39Z</time>
			</trkpt>
			<trkpt lat="46.13502502441406" lon="7.237823009490967">
				<ele>1833.780029296875</ele>
				<time>1970-01-01T07:33:46Z</time>
			</trkpt>
			<trkpt lat="46.13504648208618" lon="7.237758636474609">
				<ele>1833.0899658203125</ele>
				<time>1970-01-01T07:33:50Z</time>
			</trkpt>
			<trkpt lat="46.13502502441406" lon="7.23750114440918">
				<ele>1835.9100341796875</ele>
				<time>1970-01-01T07:34:04Z</time>
			</trkpt>
			<trkpt lat="46.13504648208618" lon="7.236728668212891">
				<ele>1835.969970703125</ele>
				<time>1970-01-01T07:34:47Z</time>
			</trkpt>
			<trkpt lat="46.13511085510254" lon="7.236385345458984">
				<ele>1834.3900146484375</ele>
				<time>1970-01-01T07:35:07Z</time>
			</trkpt>
			<trkpt lat="46.1351752281189" lon="7.236278057098389">
				<ele>1831.6700439453125</ele>
				<time>1970-01-01T07:35:15Z</time>
			</trkpt>
			<trkpt lat="46.1355185508728" lon="7.2361063957214355">
				<ele>1824.6800537109375</ele>
				<time>1970-01-01T07:35:44Z</time>
			</trkpt>
			<trkpt lat="46.13556146621704" lon="7.2361063957214355">
				<ele>1823.239990234375</ele>
				<time>1970-01-01T07:35:47Z</time>
			</trkpt>
			<trkpt lat="46.13556146621704" lon="7.2361063957214355">
				<ele>1823.239990234375</ele>
				<time>1970-01-01T07:35:47Z</time>
			</trkpt>
			<trkpt lat="46.13558292388916" lon="7.236192226409912">
				<ele>1822.1199951171875</ele>
				<time>1970-01-01T07:35:52Z</time>
			</trkpt>
			<trkpt lat="46.13558292388916" lon="7.2362565994262695">
				<ele>1821.4200439453125</ele>
				<time>1970-01-01T07:35:56Z</time>
			</trkpt>
			<trkpt lat="46.135454177856445" lon="7.236428260803223">
				<ele>1822.4300537109375</ele>
				<time>1970-01-01T07:36:10Z</time>
			</trkpt>
			<trkpt lat="46.135432720184326" lon="7.236621379852295">
				<ele>1820.3599853515625</ele>
				<time>1970-01-01T07:36:21Z</time>
			</trkpt>
			<trkpt lat="46.135432720184326" lon="7.237522602081299">
				<ele>1816.219970703125</ele>
				<time>1970-01-01T07:37:11Z</time>
			</trkpt>
			<trkpt lat="46.13538980484009" lon="7.238552570343018">
				<ele>1809.0799560546875</ele>
				<time>1970-01-01T07:38:08Z</time>
			</trkpt>
			<trkpt lat="46.135218143463135" lon="7.239131927490234">
				<ele>1807.9100341796875</ele>
				<time>1970-01-01T07:38:43Z</time>
			</trkpt>
			<trkpt lat="46.1350679397583" lon="7.239367961883545">
				<ele>1807.030029296875</ele>
				<time>1970-01-01T07:39:01Z</time>
			</trkpt>
			<trkpt lat="46.13500356674194" lon="7.239882946014404">
				<ele>1800.6600341796875</ele>
				<time>1970-01-01T07:39:30Z</time>
			</trkpt>
			<trkpt lat="46.13483190536499" lon="7.240140438079834">
				<ele>1802.6300048828125</ele>
				<time>1970-01-01T07:39:49Z</time>
			</trkpt>
			<trkpt lat="46.134445667266846" lon="7.241170406341553">
				<ele>1792.010009765625</ele>
				<time>1970-01-01T07:40:54Z</time>
			</trkpt>
			<trkpt lat="46.13433837890625" lon="7.241342067718506">
				<ele>1790.780029296875</ele>
				<time>1970-01-01T07:41:07Z</time>
			</trkpt>
			<trkpt lat="46.13433837890625" lon="7.241342067718506">
				<ele>1790.780029296875</ele>
				<time>1970-01-01T07:41:07Z</time>
			</trkpt>
			<trkpt lat="46.13427400588989" lon="7.241406440734863">
				<ele>1790.780029296875</ele>
				<time>1970-01-01T07:41:14Z</time>
			</trkpt>
			<trkpt lat="46.13401651382446" lon="7.241449356079102">
				<ele>1792.1300048828125</ele>
				<time>1970-01-01T07:41:34Z</time>
			</trkpt>
			<trkpt lat="46.13380193710327" lon="7.241578102111816">
				<ele>1790.3800048828125</ele>
				<time>1970-01-01T07:41:53Z</time>
			</trkpt>
			<trkpt lat="46.13354444503784" lon="7.241621017456055">
				<ele>1791.0899658203125</ele>
				<time>1970-01-01T07:42:14Z</time>
			</trkpt>
			<trkpt lat="46.13300800323486" lon="7.2418999671936035">
				<ele>1786.02001953125</ele>
				<time>1970-01-01T07:42:59Z</time>
			</trkpt>
			<trkpt lat="46.132750511169434" lon="7.242114543914795">
				<ele>1780.6199951171875</ele>
				<time>1970-01-01T07:43:23Z</time>
			</trkpt>
			<trkpt lat="46.13251447677612" lon="7.2425007820129395">
				<ele>1773.3299560546875</ele>
				<time>1970-01-01T07:43:52Z</time>
			</trkpt>
			<trkpt lat="46.13251447677612" lon="7.2425007820129395">
				<ele>1773.3299560546875</ele>
				<time>1970-01-01T07:43:52Z</time>
			</trkpt>
			<trkpt lat="46.131956577301025" lon="7.242865562438965">
				<ele>1776.8299560546875</ele>
				<time>1970-01-01T07:44:41Z</time>
			</trkpt>
			<trkpt lat="46.131956577301025" lon="7.242865562438965">
				<ele>1776.8299560546875</ele>
				<time>1970-01-01T07:44:41Z</time>
			</trkpt>
			<trkpt lat="46.13191366195679" lon="7.2429728507995605">
				<ele>1775.550048828125</ele>
				<time>1970-01-01T07:44:48Z</time>
			</trkpt>
			<trkpt lat="46.13191366195679" lon="7.243144512176514">
				<ele>1772.9200439453125</ele>
				<time>1970-01-01T07:44:57Z</time>
			</trkpt>
			<trkpt lat="46.13191366195679" lon="7.243144512176514">
				<ele>1772.9200439453125</ele>
				<time>1970-01-01T07:44:57Z</time>
			</trkpt>
			<trkpt lat="46.13202095031738" lon="7.243359088897705">
				<ele>1766.300048828125</ele>
				<time>1970-01-01T07:45:12Z</time>
			</trkpt>
			<trkpt lat="46.13217115402222" lon="7.243809700012207">
				<ele>1755.8599853515625</ele>
				<time>1970-01-01T07:45:40Z</time>
			</trkpt>
			<trkpt lat="46.13225698471069" lon="7.244453430175781">
				<ele>1751.3800048828125</ele>
				<time>1970-01-01T07:46:16Z</time>
			</trkpt>
			<trkpt lat="46.13225698471069" lon="7.245032787322998">
				<ele>1742.4300537109375</ele>
				<time>1970-01-01T07:46:48Z</time>
			</trkpt>
			<trkpt lat="46.132214069366455" lon="7.245311737060547">
				<ele>1740.8399658203125</ele>
				<time>1970-01-01T07:47:04Z</time>
			</trkpt>
			<trkpt lat="46.1321496963501" lon="7.2454833984375">
				<ele>1741.0899658203125</ele>
				<time>1970-01-01T07:47:15Z</time>
			</trkpt>
			<trkpt lat="46.131999492645264" lon="7.2460198402404785">
				<ele>1739.4599609375</ele>
				<time>1970-01-01T07:47:47Z</time>
			</trkpt>
			<trkpt lat="46.131720542907715" lon="7.2464919090271">
				<ele>1734.56005859375</ele>
				<time>1970-01-01T07:48:21Z</time>
			</trkpt>
			<trkpt lat="46.13150596618652" lon="7.246921062469482">
				<ele>1732.7900390625</ele>
				<time>1970-01-01T07:48:51Z</time>
			</trkpt>
			<trkpt lat="46.13150596618652" lon="7.247049808502197">
				<ele>1733.260009765625</ele>
				<time>1970-01-01T07:48:58Z</time>
			</trkpt>
			<trkpt lat="46.13157033920288" lon="7.247264385223389">
				<ele>1732.2900390625</ele>
				<time>1970-01-01T07:49:11Z</time>
			</trkpt>
			<trkpt lat="46.13157033920288" lon="7.247264385223389">
				<ele>1732.2900390625</ele>
				<time>1970-01-01T07:49:11Z</time>
			</trkpt>
			<trkpt lat="46.13163471221924" lon="7.247414588928223">
				<ele>1731.199951171875</ele>
				<time>1970-01-01T07:49:21Z</time>
			</trkpt>
			<trkpt lat="46.131742000579834" lon="7.24747896194458">
				<ele>1728.2099609375</ele>
				<time>1970-01-01T07:49:30Z</time>
			</trkpt>
			<trkpt lat="46.131742000579834" lon="7.24747896194458">
				<ele>1728.2099609375</ele>
				<time>1970-01-01T07:49:30Z</time>
			</trkpt>
			<trkpt lat="46.13180637359619" lon="7.247436046600342">
				<ele>1726.8800048828125</ele>
				<time>1970-01-01T07:49:36Z</time>
			</trkpt>
			<trkpt lat="46.13191366195679" lon="7.247028350830078">
				<ele>1725.3800048828125</ele>
				<time>1970-01-01T07:50:00Z</time>
			</trkpt>
			<trkpt lat="46.13191366195679" lon="7.247028350830078">
				<ele>1725.3800048828125</ele>
				<time>1970-01-01T07:50:00Z</time>
			</trkpt>
			<trkpt lat="46.1321496963501" lon="7.246599197387695">
				<ele>1724.6199951171875</ele>
				<time>1970-01-01T07:50:30Z</time>
			</trkpt>
			<trkpt lat="46.1326003074646" lon="7.245955467224121">
				<ele>1714.27001953125</ele>
				<time>1970-01-01T07:51:21Z</time>
			</trkpt>
			<trkpt lat="46.132729053497314" lon="7.245354652404785">
				<ele>1711.949951171875</ele>
				<time>1970-01-01T07:51:56Z</time>
			</trkpt>
			<trkpt lat="46.132729053497314" lon="7.244818210601807">
				<ele>1717.5799560546875</ele>
				<time>1970-01-01T07:52:26Z</time>
			</trkpt>
			<trkpt lat="46.13277196884155" lon="7.244603633880615">
				<ele>1720.4300537109375</ele>
				<time>1970-01-01T07:52:38Z</time>
			</trkpt>
			<trkpt lat="46.13277196884155" lon="7.244603633880615">
				<ele>1720.4300537109375</ele>
				<time>1970-01-01T07:52:38Z</time>
			</trkpt>
			<trkpt lat="46.13281488418579" lon="7.2444963455200195">
				<ele>1721.010009765625</ele>
				<time>1970-01-01T07:52:45Z</time>
			</trkpt>
			<trkpt lat="46.13287925720215" lon="7.2444963455200195">
				<ele>1718.449951171875</ele>
				<time>1970-01-01T07:52:50Z</time>
			</trkpt>
			<trkpt lat="46.13302946090698" lon="7.2444748878479">
				<ele>1713.050048828125</ele>
				<time>1970-01-01T07:53:02Z</time>
			</trkpt>
			<trkpt lat="46.13311529159546" lon="7.244367599487305">
				<ele>1712.7099609375</ele>
				<time>1970-01-01T07:53:11Z</time>
			</trkpt>
			<trkpt lat="46.13311529159546" lon="7.244367599487305">
				<ele>1712.7099609375</ele>
				<time>1970-01-01T07:53:11Z</time>
			</trkpt>
			<trkpt lat="46.13337278366089" lon="7.244153022766113">
				<ele>1713.9100341796875</ele>
				<time>1970-01-01T07:53:35Z</time>
			</trkpt>
			<trkpt lat="46.13337278366089" lon="7.244153022766113">
				<ele>1713.9100341796875</ele>
				<time>1970-01-01T07:53:35Z</time>
			</trkpt>
			<trkpt lat="46.133716106414795" lon="7.243852615356445">
				<ele>1716.27001953125</ele>
				<time>1970-01-01T07:54:07Z</time>
			</trkpt>
			<trkpt lat="46.13380193710327" lon="7.243831157684326">
				<ele>1715.3199462890625</ele>
				<time>1970-01-01T07:54:14Z</time>
			</trkpt>
			<trkpt lat="46.13401651382446" lon="7.243895530700684">
				<ele>1709.8800048828125</ele>
				<time>1970-01-01T07:54:32Z</time>
			</trkpt>
			<trkpt lat="46.134209632873535" lon="7.244067192077637">
				<ele>1700.949951171875</ele>
				<time>1970-01-01T07:54:50Z</time>
			</trkpt>
			<trkpt lat="46.13431692123413" lon="7.244110107421875">
				<ele>1697.9200439453125</ele>
				<time>1970-01-01T07:54:59Z</time>
			</trkpt>
			<trkpt lat="46.13487482070923" lon="7.243916988372803">
				<ele>1691.9000244140625</ele>
				<time>1970-01-01T07:55:45Z</time>
			</trkpt>
			<trkpt lat="46.13487482070923" lon="7.243916988372803">
				<ele>1691.9000244140625</ele>
				<time>1970-01-01T07:55:45Z</time>
			</trkpt>
			<trkpt lat="46.134982109069824" lon="7.243916988372803">
				<ele>1689.6800537109375</ele>
				<time>1970-01-01T07:55:53Z</time>
			</trkpt>
			<trkpt lat="46.135218143463135" lon="7.2438740730285645">
				<ele>1687.550048828125</ele>
				<time>1970-01-01T07:56:12Z</time>
			</trkpt>
			<trkpt lat="46.135218143463135" lon="7.2438740730285645">
				<ele>1687.550048828125</ele>
				<time>1970-01-01T07:56:12Z</time>
			</trkpt>
			<trkpt lat="46.13534688949585" lon="7.243809700012207">
				<ele>1687.3399658203125</ele>
				<time>1970-01-01T07:56:23Z</time>
			</trkpt>
			<trkpt lat="46.13575458526611" lon="7.243702411651611">
				<ele>1682.780029296875</ele>
				<time>1970-01-01T07:56:57Z</time>
			</trkpt>
			<trkpt lat="46.13616228103638" lon="7.243337631225586">
				<ele>1676.0799560546875</ele>
				<time>1970-01-01T07:57:35Z</time>
			</trkpt>
			<trkpt lat="46.136441230773926" lon="7.242908477783203">
				<ele>1675.25</ele>
				<time>1970-01-01T07:58:08Z</time>
			</trkpt>
			<trkpt lat="46.13656997680664" lon="7.242822647094727">
				<ele>1672.800048828125</ele>
				<time>1970-01-01T07:58:19Z</time>
			</trkpt>
			<trkpt lat="46.136741638183594" lon="7.242650985717773">
				<ele>1671.56005859375</ele>
				<time>1970-01-01T07:58:36Z</time>
			</trkpt>
			<trkpt lat="46.13691329956055" lon="7.242393493652344">
				<ele>1672.25</ele>
				<time>1970-01-01T07:58:56Z</time>
			</trkpt>
			<trkpt lat="46.13691329956055" lon="7.242393493652344">
				<ele>1672.25</ele>
				<time>1970-01-01T07:58:56Z</time>
			</trkpt>
			<trkpt lat="46.13691329956055" lon="7.242372035980225">
				<ele>1672.8699951171875</ele>
				<time>1970-01-01T07:58:57Z</time>
			</trkpt>
			<trkpt lat="46.13691329956055" lon="7.242372035980225">
				<ele>1672.8699951171875</ele>
				<time>1970-01-01T07:58:57Z</time>
			</trkpt>
			<trkpt lat="46.13710641860962" lon="7.2420501708984375">
				<ele>1675.3900146484375</ele>
				<time>1970-01-01T07:59:20Z</time>
			</trkpt>
			<trkpt lat="46.13710641860962" lon="7.2420501708984375">
				<ele>1675.3900146484375</ele>
				<time>1970-01-01T07:59:20Z</time>
			</trkpt>
			<trkpt lat="46.13732099533081" lon="7.2417497634887695">
				<ele>1670.739990234375</ele>
				<time>1970-01-01T07:59:44Z</time>
			</trkpt>
			<trkpt lat="46.137728691101074" lon="7.241363525390625">
				<ele>1663.5899658203125</ele>
				<time>1970-01-01T08:00:23Z</time>
			</trkpt>
			<trkpt lat="46.13779306411743" lon="7.241277694702148">
				<ele>1661.780029296875</ele>
				<time>1970-01-01T08:00:30Z</time>
			</trkpt>
			<trkpt lat="46.137943267822266" lon="7.2406768798828125">
				<ele>1657.719970703125</ele>
				<time>1970-01-01T08:01:06Z</time>
			</trkpt>
			<trkpt lat="46.138436794281006" lon="7.239775657653809">
				<ele>1650.1700439453125</ele>
				<time>1970-01-01T08:02:10Z</time>
			</trkpt>
			<trkpt lat="46.13852262496948" lon="7.2394537925720215">
				<ele>1651.0799560546875</ele>
				<time>1970-01-01T08:02:29Z</time>
			</trkpt>
			<trkpt lat="46.13856554031372" lon="7.239110469818115">
				<ele>1655.6700439453125</ele>
				<time>1970-01-01T08:02:48Z</time>
			</trkpt>
			<trkpt lat="46.13856554031372" lon="7.239110469818115">
				<ele>1655.6700439453125</ele>
				<time>1970-01-01T08:02:48Z</time>
			</trkpt>
			<trkpt lat="46.1386513710022" lon="7.238767147064209">
				<ele>1654.72998046875</ele>
				<time>1970-01-01T08:03:08Z</time>
			</trkpt>
			<trkpt lat="46.1386513710022" lon="7.238767147064209">
				<ele>1654.72998046875</ele>
				<time>1970-01-01T08:03:08Z</time>
			</trkpt>
			<trkpt lat="46.1391019821167" lon="7.237844467163086">
				<ele>1646.6500244140625</ele>
				<time>1970-01-01T08:04:11Z</time>
			</trkpt>
			<trkpt lat="46.1391019821167" lon="7.237844467163086">
				<ele>1646.6500244140625</ele>
				<time>1970-01-01T08:04:11Z</time>
			</trkpt>
			<trkpt lat="46.139187812805176" lon="7.237715721130371">
				<ele>1644.6099853515625</ele>
				<time>1970-01-01T08:04:21Z</time>
			</trkpt>
			<trkpt lat="46.13931655883789" lon="7.237372398376465">
				<ele>1640.300048828125</ele>
				<time>1970-01-01T08:04:43Z</time>
			</trkpt>
			<trkpt lat="46.13931655883789" lon="7.237372398376465">
				<ele>1640.300048828125</ele>
				<time>1970-01-01T08:04:43Z</time>
			</trkpt>
			<trkpt lat="46.139488220214844" lon="7.236621379852295">
				<ele>1638.4200439453125</ele>
				<time>1970-01-01T08:05:26Z</time>
			</trkpt>
			<trkpt lat="46.139488220214844" lon="7.236621379852295">
				<ele>1638.4200439453125</ele>
				<time>1970-01-01T08:05:26Z</time>
			</trkpt>
			<trkpt lat="46.13959550857544" lon="7.236471176147461">
				<ele>1637.6199951171875</ele>
				<time>1970-01-01T08:05:38Z</time>
			</trkpt>
			<trkpt lat="46.13959550857544" lon="7.236471176147461">
				<ele>1637.6199951171875</ele>
				<time>1970-01-01T08:05:38Z</time>
			</trkpt>
			<trkpt lat="46.13963842391968" lon="7.236449718475342">
				<ele>1636.8900146484375</ele>
				<time>1970-01-01T08:05:42Z</time>
			</trkpt>
			<trkpt lat="46.13963842391968" lon="7.236449718475342">
				<ele>1636.8900146484375</ele>
				<time>1970-01-01T08:05:42Z</time>
			</trkpt>
			<trkpt lat="46.139702796936035" lon="7.236385345458984">
				<ele>1637.239990234375</ele>
				<time>1970-01-01T08:05:48Z</time>
			</trkpt>
			<trkpt lat="46.139702796936035" lon="7.236385345458984">
				<ele>1637.239990234375</ele>
				<time>1970-01-01T08:05:48Z</time>
			</trkpt>
			<trkpt lat="46.1400032043457" lon="7.2361063957214355">
				<ele>1634.02001953125</ele>
				<time>1970-01-01T08:06:17Z</time>
			</trkpt>
			<trkpt lat="46.1400032043457" lon="7.2361063957214355">
				<ele>1634.02001953125</ele>
				<time>1970-01-01T08:06:17Z</time>
			</trkpt>
			<trkpt lat="46.14004611968994" lon="7.236063480377197">
				<ele>1633.72998046875</ele>
				<time>1970-01-01T08:06:21Z</time>
			</trkpt>
			<trkpt lat="46.14004611968994" lon="7.236063480377197">
				<ele>1633.72998046875</ele>
				<time>1970-01-01T08:06:21Z</time>
			</trkpt>
			<trkpt lat="46.1401104927063" lon="7.235977649688721">
				<ele>1633.6300048828125</ele>
				<time>1970-01-01T08:06:28Z</time>
			</trkpt>
			<trkpt lat="46.14015340805054" lon="7.235934734344482">
				<ele>1632.9300537109375</ele>
				<time>1970-01-01T08:06:32Z</time>
			</trkpt>
			<trkpt lat="46.14015340805054" lon="7.235934734344482">
				<ele>1632.9300537109375</ele>
				<time>1970-01-01T08:06:32Z</time>
			</trkpt>
			<trkpt lat="46.140174865722656" lon="7.235977649688721">
				<ele>1632.280029296875</ele>
				<time>1970-01-01T08:06:35Z</time>
			</trkpt>
			<trkpt lat="46.140217781066895" lon="7.23599910736084">
				<ele>1631.5799560546875</ele>
				<time>1970-01-01T08:06:39Z</time>
			</trkpt>
			<trkpt lat="46.140217781066895" lon="7.23599910736084">
				<ele>1631.5799560546875</ele>
				<time>1970-01-01T08:06:39Z</time>
			</trkpt>
			<trkpt lat="46.140217781066895" lon="7.236084938049316">
				<ele>1630.9599609375</ele>
				<time>1970-01-01T08:06:44Z</time>
			</trkpt>
			<trkpt lat="46.140217781066895" lon="7.236084938049316">
				<ele>1630.9599609375</ele>
				<time>1970-01-01T08:06:44Z</time>
			</trkpt>
			<trkpt lat="46.14036798477173" lon="7.236084938049316">
				<ele>1628.72998046875</ele>
				<time>1970-01-01T08:06:56Z</time>
			</trkpt>
			<trkpt lat="46.14036798477173" lon="7.236084938049316">
				<ele>1628.72998046875</ele>
				<time>1970-01-01T08:06:56Z</time>
			</trkpt>
			<trkpt lat="46.14062547683716" lon="7.235784530639648">
				<ele>1624.260009765625</ele>
				<time>1970-01-01T08:07:22Z</time>
			</trkpt>
			<trkpt lat="46.14062547683716" lon="7.235784530639648">
				<ele>1624.260009765625</ele>
				<time>1970-01-01T08:07:22Z</time>
			</trkpt>
			<trkpt lat="46.140689849853516" lon="7.23574161529541">
				<ele>1622.93994140625</ele>
				<time>1970-01-01T08:07:28Z</time>
			</trkpt>
			<trkpt lat="46.14077568054199" lon="7.235441207885742">
				<ele>1619.4300537109375</ele>
				<time>1970-01-01T08:07:46Z</time>
			</trkpt>
			<trkpt lat="46.14086151123047" lon="7.235312461853027">
				<ele>1616.25</ele>
				<time>1970-01-01T08:07:56Z</time>
			</trkpt>
			<trkpt lat="46.140968799591064" lon="7.23524808883667">
				<ele>1612.550048828125</ele>
				<time>1970-01-01T08:08:05Z</time>
			</trkpt>
			<trkpt lat="46.14139795303345" lon="7.23524808883667">
				<ele>1598.0899658203125</ele>
				<time>1970-01-01T08:08:39Z</time>
			</trkpt>
			<trkpt lat="46.14163398742676" lon="7.235119342803955">
				<ele>1589.93994140625</ele>
				<time>1970-01-01T08:09:00Z</time>
			</trkpt>
			<trkpt lat="46.141719818115234" lon="7.2350335121154785">
				<ele>1586.1600341796875</ele>
				<time>1970-01-01T08:09:08Z</time>
			</trkpt>
			<trkpt lat="46.14214897155762" lon="7.2342610359191895">
				<ele>1574.469970703125</ele>
				<time>1970-01-01T08:10:03Z</time>
			</trkpt>
			<trkpt lat="46.142427921295166" lon="7.234025001525879">
				<ele>1566.3499755859375</ele>
				<time>1970-01-01T08:10:29Z</time>
			</trkpt>
			<trkpt lat="46.142728328704834" lon="7.2336602210998535">
				<ele>1561.8399658203125</ele>
				<time>1970-01-01T08:11:00Z</time>
			</trkpt>
			<trkpt lat="46.14305019378662" lon="7.233638763427734">
				<ele>1553.43994140625</ele>
				<time>1970-01-01T08:11:26Z</time>
			</trkpt>
			<trkpt lat="46.14315748214722" lon="7.233595848083496">
				<ele>1550.1099853515625</ele>
				<time>1970-01-01T08:11:35Z</time>
			</trkpt>
			<trkpt lat="46.14350080490112" lon="7.2333598136901855">
				<ele>1541.739990234375</ele>
				<time>1970-01-01T08:12:05Z</time>
			</trkpt>
			<trkpt lat="46.14386558532715" lon="7.233166694641113">
				<ele>1537.77001953125</ele>
				<time>1970-01-01T08:12:37Z</time>
			</trkpt>
			<trkpt lat="46.14399433135986" lon="7.233145236968994">
				<ele>1537.97998046875</ele>
				<time>1970-01-01T08:12:47Z</time>
			</trkpt>
			<trkpt lat="46.14427328109741" lon="7.233188152313232">
				<ele>1534.6099853515625</ele>
				<time>1970-01-01T08:13:09Z</time>
			</trkpt>
			<trkpt lat="46.14450931549072" lon="7.233102321624756">
				<ele>1531.8199462890625</ele>
				<time>1970-01-01T08:13:29Z</time>
			</trkpt>
			<trkpt lat="46.14453077316284" lon="7.233102321624756">
				<ele>1530.9100341796875</ele>
				<time>1970-01-01T08:13:31Z</time>
			</trkpt>
			<trkpt lat="46.14453077316284" lon="7.233102321624756">
				<ele>1530.9100341796875</ele>
				<time>1970-01-01T08:13:31Z</time>
			</trkpt>
			<trkpt lat="46.14455223083496" lon="7.233209609985352">
				<ele>1528.1099853515625</ele>
				<time>1970-01-01T08:13:37Z</time>
			</trkpt>
			<trkpt lat="46.1444878578186" lon="7.233295440673828">
				<ele>1527.3800048828125</ele>
				<time>1970-01-01T08:13:44Z</time>
			</trkpt>
			<trkpt lat="46.1444878578186" lon="7.233295440673828">
				<ele>1527.3800048828125</ele>
				<time>1970-01-01T08:13:44Z</time>
			</trkpt>
			<trkpt lat="46.144187450408936" lon="7.2334885597229">
				<ele>1526.9300537109375</ele>
				<time>1970-01-01T08:14:10Z</time>
			</trkpt>
			<trkpt lat="46.144230365753174" lon="7.233638763427734">
				<ele>1522.68994140625</ele>
				<time>1970-01-01T08:14:19Z</time>
			</trkpt>
			<trkpt lat="46.144230365753174" lon="7.233638763427734">
				<ele>1522.68994140625</ele>
				<time>1970-01-01T08:14:19Z</time>
			</trkpt>
			<trkpt lat="46.14478826522827" lon="7.233381271362305">
				<ele>1520.300048828125</ele>
				<time>1970-01-01T08:15:06Z</time>
			</trkpt>
			<trkpt lat="46.14502429962158" lon="7.233188152313232">
				<ele>1519.199951171875</ele>
				<time>1970-01-01T08:15:28Z</time>
			</trkpt>
			<trkpt lat="46.14502429962158" lon="7.233188152313232">
				<ele>1519.199951171875</ele>
				<time>1970-01-01T08:15:28Z</time>
			</trkpt>
			<trkpt lat="46.1450457572937" lon="7.233166694641113">
				<ele>1519.0999755859375</ele>
				<time>1970-01-01T08:15:30Z</time>
			</trkpt>
			<trkpt lat="46.1450457572937" lon="7.233166694641113">
				<ele>1519.0999755859375</ele>
				<time>1970-01-01T08:15:30Z</time>
			</trkpt>
			<trkpt lat="46.14541053771973" lon="7.232866287231445">
				<ele>1517.4200439453125</ele>
				<time>1970-01-01T08:16:04Z</time>
			</trkpt>
			<trkpt lat="46.1460542678833" lon="7.2324371337890625">
				<ele>1511.7099609375</ele>
				<time>1970-01-01T08:17:00Z</time>
			</trkpt>
			<trkpt lat="46.1460542678833" lon="7.2324371337890625">
				<ele>1511.7099609375</ele>
				<time>1970-01-01T08:17:00Z</time>
			</trkpt>
			<trkpt lat="46.14607572555542" lon="7.232415676116943">
				<ele>1512.030029296875</ele>
				<time>1970-01-01T08:17:02Z</time>
			</trkpt>
			<trkpt lat="46.14663362503052" lon="7.232072353363037">
				<ele>1510.81005859375</ele>
				<time>1970-01-01T08:17:51Z</time>
			</trkpt>
			<trkpt lat="46.14663362503052" lon="7.232072353363037">
				<ele>1510.81005859375</ele>
				<time>1970-01-01T08:17:51Z</time>
			</trkpt>
			<trkpt lat="46.14701986312866" lon="7.231857776641846">
				<ele>1505.8900146484375</ele>
				<time>1970-01-01T08:18:24Z</time>
			</trkpt>
			<trkpt lat="46.147449016571045" lon="7.231793403625488">
				<ele>1499.5899658203125</ele>
				<time>1970-01-01T08:18:59Z</time>
			</trkpt>
			<trkpt lat="46.14764213562012" lon="7.231771945953369">
				<ele>1498.72998046875</ele>
				<time>1970-01-01T08:19:14Z</time>
			</trkpt>
			<trkpt lat="46.147964000701904" lon="7.231664657592773">
				<ele>1499.8900146484375</ele>
				<time>1970-01-01T08:19:41Z</time>
			</trkpt>
			<trkpt lat="46.14830732345581" lon="7.231407165527344">
				<ele>1499.3599853515625</ele>
				<time>1970-01-01T08:20:12Z</time>
			</trkpt>
			<trkpt lat="46.1486291885376" lon="7.231192588806152">
				<ele>1498.2900390625</ele>
				<time>1970-01-01T08:20:40Z</time>
			</trkpt>
			<trkpt lat="46.1486291885376" lon="7.231192588806152">
				<ele>1498.2900390625</ele>
				<time>1970-01-01T08:20:40Z</time>
			</trkpt>
			<trkpt lat="46.14901542663574" lon="7.230935096740723">
				<ele>1493.5999755859375</ele>
				<time>1970-01-01T08:21:14Z</time>
			</trkpt>
			<trkpt lat="46.149208545684814" lon="7.2307634353637695">
				<ele>1490.97998046875</ele>
				<time>1970-01-01T08:21:32Z</time>
			</trkpt>
			<trkpt lat="46.14931583404541" lon="7.230591773986816">
				<ele>1490.300048828125</ele>
				<time>1970-01-01T08:21:45Z</time>
			</trkpt>
			<trkpt lat="46.14935874938965" lon="7.230420112609863">
				<ele>1489.3900146484375</ele>
				<time>1970-01-01T08:21:55Z</time>
			</trkpt>
			<trkpt lat="46.14940166473389" lon="7.2301411628723145">
				<ele>1486.5799560546875</ele>
				<time>1970-01-01T08:22:11Z</time>
			</trkpt>
			<trkpt lat="46.14940166473389" lon="7.2301411628723145">
				<ele>1486.5799560546875</ele>
				<time>1970-01-01T08:22:11Z</time>
			</trkpt>
			<trkpt lat="46.14940166473389" lon="7.230033874511719">
				<ele>1486.18994140625</ele>
				<time>1970-01-01T08:22:17Z</time>
			</trkpt>
			<trkpt lat="46.14940166473389" lon="7.230033874511719">
				<ele>1486.18994140625</ele>
				<time>1970-01-01T08:22:17Z</time>
			</trkpt>
			<trkpt lat="46.14931583404541" lon="7.229647636413574">
				<ele>1485.6300048828125</ele>
				<time>1970-01-01T08:22:39Z</time>
			</trkpt>
			<trkpt lat="46.14910125732422" lon="7.229111194610596">
				<ele>1483.199951171875</ele>
				<time>1970-01-01T08:23:14Z</time>
			</trkpt>
			<trkpt lat="46.14910125732422" lon="7.229111194610596">
				<ele>1483.199951171875</ele>
				<time>1970-01-01T08:23:14Z</time>
			</trkpt>
			<trkpt lat="46.148672103881836" lon="7.228081226348877">
				<ele>1479.6700439453125</ele>
				<time>1970-01-01T08:24:21Z</time>
			</trkpt>
			<trkpt lat="46.148672103881836" lon="7.228081226348877">
				<ele>1479.6700439453125</ele>
				<time>1970-01-01T08:24:21Z</time>
			</trkpt>
			<trkpt lat="46.14856481552124" lon="7.2278666496276855">
				<ele>1478.6400146484375</ele>
				<time>1970-01-01T08:24:35Z</time>
			</trkpt>
			<trkpt lat="46.148200035095215" lon="7.227308750152588">
				<ele>1472.5</ele>
				<time>1970-01-01T08:25:18Z</time>
			</trkpt>
			<trkpt lat="46.14787817001343" lon="7.226321697235107">
				<ele>1460.949951171875</ele>
				<time>1970-01-01T08:26:18Z</time>
			</trkpt>
			<trkpt lat="46.14729881286621" lon="7.224926948547363">
				<ele>1451.7900390625</ele>
				<time>1970-01-01T08:27:49Z</time>
			</trkpt>
			<trkpt lat="46.146719455718994" lon="7.223188877105713">
				<ele>1438.3800048828125</ele>
				<time>1970-01-01T08:29:36Z</time>
			</trkpt>
			<trkpt lat="46.14674091339111" lon="7.223038673400879">
				<ele>1437.2099609375</ele>
				<time>1970-01-01T08:29:44Z</time>
			</trkpt>
			<trkpt lat="46.14682674407959" lon="7.222909927368164">
				<ele>1433.8499755859375</ele>
				<time>1970-01-01T08:29:54Z</time>
			</trkpt>
			<trkpt lat="46.14682674407959" lon="7.222909927368164">
				<ele>1433.8499755859375</ele>
				<time>1970-01-01T08:29:54Z</time>
			</trkpt>
			<trkpt lat="46.14689111709595" lon="7.222909927368164">
				<ele>1432.0799560546875</ele>
				<time>1970-01-01T08:29:59Z</time>
			</trkpt>
			<trkpt lat="46.146976947784424" lon="7.2229743003845215">
				<ele>1429.739990234375</ele>
				<time>1970-01-01T08:30:07Z</time>
			</trkpt>
			<trkpt lat="46.146976947784424" lon="7.2229743003845215">
				<ele>1429.739990234375</ele>
				<time>1970-01-01T08:30:07Z</time>
			</trkpt>
			<trkpt lat="46.14704132080078" lon="7.223145961761475">
				<ele>1428.68994140625</ele>
				<time>1970-01-01T08:30:18Z</time>
			</trkpt>
			<trkpt lat="46.147191524505615" lon="7.223596572875977">
				<ele>1428.5400390625</ele>
				<time>1970-01-01T08:30:45Z</time>
			</trkpt>
			<trkpt lat="46.14732027053833" lon="7.223854064941406">
				<ele>1427.27001953125</ele>
				<time>1970-01-01T08:31:03Z</time>
			</trkpt>
			<trkpt lat="46.148200035095215" lon="7.224969863891602">
				<ele>1422.2900390625</ele>
				<time>1970-01-01T08:32:37Z</time>
			</trkpt>
			<trkpt lat="46.148200035095215" lon="7.224969863891602">
				<ele>1422.2900390625</ele>
				<time>1970-01-01T08:32:37Z</time>
			</trkpt>
			<trkpt lat="46.14860773086548" lon="7.22550630569458">
				<ele>1413.8900146484375</ele>
				<time>1970-01-01T08:33:21Z</time>
			</trkpt>
			<trkpt lat="46.148929595947266" lon="7.225806713104248">
				<ele>1410.97998046875</ele>
				<time>1970-01-01T08:33:52Z</time>
			</trkpt>
			<trkpt lat="46.149959564208984" lon="7.226428985595703">
				<ele>1403.010009765625</ele>
				<time>1970-01-01T08:35:21Z</time>
			</trkpt>
			<trkpt lat="46.150474548339844" lon="7.226729393005371">
				<ele>1402.7900390625</ele>
				<time>1970-01-01T08:36:06Z</time>
			</trkpt>
			<trkpt lat="46.150474548339844" lon="7.226729393005371">
				<ele>1402.7900390625</ele>
				<time>1970-01-01T08:36:06Z</time>
			</trkpt>
			<trkpt lat="46.150710582733154" lon="7.226858139038086">
				<ele>1398.5999755859375</ele>
				<time>1970-01-01T08:36:26Z</time>
			</trkpt>
			<trkpt lat="46.15137577056885" lon="7.227351665496826">
				<ele>1390.3900146484375</ele>
				<time>1970-01-01T08:37:26Z</time>
			</trkpt>
			<trkpt lat="46.15137577056885" lon="7.227351665496826">
				<ele>1390.3900146484375</ele>
				<time>1970-01-01T08:37:26Z</time>
			</trkpt>
			<trkpt lat="46.151676177978516" lon="7.227587699890137">
				<ele>1385.2900390625</ele>
				<time>1970-01-01T08:37:53Z</time>
			</trkpt>
			<trkpt lat="46.152405738830566" lon="7.227973937988281">
				<ele>1371.68994140625</ele>
				<time>1970-01-01T08:38:55Z</time>
			</trkpt>
			<trkpt lat="46.152684688568115" lon="7.228209972381592">
				<ele>1367.010009765625</ele>
				<time>1970-01-01T08:39:21Z</time>
			</trkpt>
			<trkpt lat="46.15365028381348" lon="7.22926139831543">
				<ele>1354.9100341796875</ele>
				<time>1970-01-01T08:40:58Z</time>
			</trkpt>
			<trkpt lat="46.153929233551025" lon="7.229712009429932">
				<ele>1354.1800537109375</ele>
				<time>1970-01-01T08:41:32Z</time>
			</trkpt>
			<trkpt lat="46.154208183288574" lon="7.230312824249268">
				<ele>1352.1099853515625</ele>
				<time>1970-01-01T08:42:12Z</time>
			</trkpt>
			<trkpt lat="46.154208183288574" lon="7.230312824249268">
				<ele>1352.1099853515625</ele>
				<time>1970-01-01T08:42:12Z</time>
			</trkpt>
			<trkpt lat="46.15422964096069" lon="7.230377197265625">
				<ele>1351.699951171875</ele>
				<time>1970-01-01T08:42:16Z</time>
			</trkpt>
			<trkpt lat="46.15431547164917" lon="7.230699062347412">
				<ele>1349.4000244140625</ele>
				<time>1970-01-01T08:42:35Z</time>
			</trkpt>
			<trkpt lat="46.15435838699341" lon="7.230978012084961">
				<ele>1345.5999755859375</ele>
				<time>1970-01-01T08:42:51Z</time>
			</trkpt>
			<trkpt lat="46.15431547164917" lon="7.231407165527344">
				<ele>1341.3800048828125</ele>
				<time>1970-01-01T08:43:15Z</time>
			</trkpt>
			<trkpt lat="46.154208183288574" lon="7.231664657592773">
				<ele>1338.1800537109375</ele>
				<time>1970-01-01T08:43:31Z</time>
			</trkpt>
			<trkpt lat="46.154208183288574" lon="7.231664657592773">
				<ele>1338.1800537109375</ele>
				<time>1970-01-01T08:43:31Z</time>
			</trkpt>
			<trkpt lat="46.15399360656738" lon="7.231965065002441">
				<ele>1332.18994140625</ele>
				<time>1970-01-01T08:43:55Z</time>
			</trkpt>
			<trkpt lat="46.15384340286255" lon="7.232093811035156">
				<ele>1329.81005859375</ele>
				<time>1970-01-01T08:44:09Z</time>
			</trkpt>
			<trkpt lat="46.15289926528931" lon="7.232351303100586">
				<ele>1333.6300048828125</ele>
				<time>1970-01-01T08:45:26Z</time>
			</trkpt>
			<trkpt lat="46.15283489227295" lon="7.232415676116943">
				<ele>1332.5400390625</ele>
				<time>1970-01-01T08:45:33Z</time>
			</trkpt>
			<trkpt lat="46.15283489227295" lon="7.232522964477539">
				<ele>1329.4200439453125</ele>
				<time>1970-01-01T08:45:38Z</time>
			</trkpt>
			<trkpt lat="46.15283489227295" lon="7.232522964477539">
				<ele>1329.4200439453125</ele>
				<time>1970-01-01T08:45:38Z</time>
			</trkpt>
			<trkpt lat="46.15285634994507" lon="7.232544422149658">
				<ele>1328.4599609375</ele>
				<time>1970-01-01T08:45:41Z</time>
			</trkpt>
			<trkpt lat="46.15285634994507" lon="7.232544422149658">
				<ele>1328.4599609375</ele>
				<time>1970-01-01T08:45:41Z</time>
			</trkpt>
			<trkpt lat="46.15289926528931" lon="7.232565879821777">
				<ele>1327.02001953125</ele>
				<time>1970-01-01T08:45:44Z</time>
			</trkpt>
			<trkpt lat="46.15289926528931" lon="7.232565879821777">
				<ele>1327.02001953125</ele>
				<time>1970-01-01T08:45:44Z</time>
			</trkpt>
			<trkpt lat="46.15407943725586" lon="7.232308387756348">
				<ele>1318.77001953125</ele>
				<time>1970-01-01T08:47:20Z</time>
			</trkpt>
			<trkpt lat="46.15437984466553" lon="7.2322869300842285">
				<ele>1318.489990234375</ele>
				<time>1970-01-01T08:47:44Z</time>
			</trkpt>
			<trkpt lat="46.15487337112427" lon="7.232372760772705">
				<ele>1315.56005859375</ele>
				<time>1970-01-01T08:48:24Z</time>
			</trkpt>
			<trkpt lat="46.15508794784546" lon="7.232329845428467">
				<ele>1313.1400146484375</ele>
				<time>1970-01-01T08:48:41Z</time>
			</trkpt>
			<trkpt lat="46.15508794784546" lon="7.232329845428467">
				<ele>1313.1400146484375</ele>
				<time>1970-01-01T08:48:41Z</time>
			</trkpt>
			<trkpt lat="46.155967712402344" lon="7.231965065002441">
				<ele>1301.469970703125</ele>
				<time>1970-01-01T08:49:54Z</time>
			</trkpt>
			<trkpt lat="46.155967712402344" lon="7.231965065002441">
				<ele>1301.469970703125</ele>
				<time>1970-01-01T08:49:54Z</time>
			</trkpt>
			<trkpt lat="46.155967712402344" lon="7.231965065002441">
				<ele>1301.469970703125</ele>
				<time>1970-01-01T08:49:54Z</time>
			</trkpt>
			<trkpt lat="46.155967712402344" lon="7.231965065002441">
				<ele>1301.469970703125</ele>
				<time>1970-01-01T08:49:54Z</time>
			</trkpt>
			<trkpt lat="46.15605354309082" lon="7.231943607330322">
				<ele>1300.22998046875</ele>
				<time>1970-01-01T08:50:01Z</time>
			</trkpt>
			<trkpt lat="46.15605354309082" lon="7.231943607330322">
				<ele>1300.22998046875</ele>
				<time>1970-01-01T08:50:01Z</time>
			</trkpt>
			<trkpt lat="46.156675815582275" lon="7.231729030609131">
				<ele>1292.0999755859375</ele>
				<time>1970-01-01T08:50:53Z</time>
			</trkpt>
			<trkpt lat="46.15678310394287" lon="7.231578826904297">
				<ele>1291.25</ele>
				<time>1970-01-01T08:51:04Z</time>
			</trkpt>
			<trkpt lat="46.15684747695923" lon="7.231321334838867">
				<ele>1289.97998046875</ele>
				<time>1970-01-01T08:51:20Z</time>
			</trkpt>
			<trkpt lat="46.15676164627075" lon="7.231042385101318">
				<ele>1288.56005859375</ele>
				<time>1970-01-01T08:51:37Z</time>
			</trkpt>
			<trkpt lat="46.156418323516846" lon="7.230377197265625">
				<ele>1292.5899658203125</ele>
				<time>1970-01-01T08:52:23Z</time>
			</trkpt>
			<trkpt lat="46.156182289123535" lon="7.229862213134766">
				<ele>1293.050048828125</ele>
				<time>1970-01-01T08:52:57Z</time>
			</trkpt>
			<trkpt lat="46.1560320854187" lon="7.229454517364502">
				<ele>1292.6800537109375</ele>
				<time>1970-01-01T08:53:22Z</time>
			</trkpt>
			<trkpt lat="46.155967712402344" lon="7.229132652282715">
				<ele>1289.97998046875</ele>
				<time>1970-01-01T08:53:41Z</time>
			</trkpt>
			<trkpt lat="46.155967712402344" lon="7.229132652282715">
				<ele>1289.97998046875</ele>
				<time>1970-01-01T08:53:41Z</time>
			</trkpt>
			<trkpt lat="46.155967712402344" lon="7.22900390625">
				<ele>1287.2900390625</ele>
				<time>1970-01-01T08:53:48Z</time>
			</trkpt>
			<trkpt lat="46.155967712402344" lon="7.22900390625">
				<ele>1287.2900390625</ele>
				<time>1970-01-01T08:53:48Z</time>
			</trkpt>
			<trkpt lat="46.15598917007446" lon="7.228639125823975">
				<ele>1280.5799560546875</ele>
				<time>1970-01-01T08:54:09Z</time>
			</trkpt>
			<trkpt lat="46.155967712402344" lon="7.2283172607421875">
				<ele>1276.8499755859375</ele>
				<time>1970-01-01T08:54:26Z</time>
			</trkpt>
			<trkpt lat="46.155967712402344" lon="7.2283172607421875">
				<ele>1276.8499755859375</ele>
				<time>1970-01-01T08:54:26Z</time>
			</trkpt>
			<trkpt lat="46.15588188171387" lon="7.2279953956604">
				<ele>1274.5400390625</ele>
				<time>1970-01-01T08:54:46Z</time>
			</trkpt>
			<trkpt lat="46.15575313568115" lon="7.22775936126709">
				<ele>1273.6199951171875</ele>
				<time>1970-01-01T08:55:02Z</time>
			</trkpt>
			<trkpt lat="46.15560293197632" lon="7.227544784545898">
				<ele>1274.9200439453125</ele>
				<time>1970-01-01T08:55:19Z</time>
			</trkpt>
			<trkpt lat="46.15538835525513" lon="7.227373123168945">
				<ele>1279.489990234375</ele>
				<time>1970-01-01T08:55:39Z</time>
			</trkpt>
			<trkpt lat="46.15538835525513" lon="7.227373123168945">
				<ele>1279.489990234375</ele>
				<time>1970-01-01T08:55:39Z</time>
			</trkpt>
			<trkpt lat="46.15508794784546" lon="7.227072715759277">
				<ele>1283.68994140625</ele>
				<time>1970-01-01T08:56:08Z</time>
			</trkpt>
			<trkpt lat="46.154701709747314" lon="7.226536273956299">
				<ele>1288.7900390625</ele>
				<time>1970-01-01T08:56:51Z</time>
			</trkpt>
			<trkpt lat="46.15384340286255" lon="7.225141525268555">
				<ele>1266.8399658203125</ele>
				<time>1970-01-01T08:58:34Z</time>
			</trkpt>
			<trkpt lat="46.15384340286255" lon="7.225141525268555">
				<ele>1266.8399658203125</ele>
				<time>1970-01-01T08:58:34Z</time>
			</trkpt>
			<trkpt lat="46.15337133407593" lon="7.2243475914001465">
				<ele>1258.25</ele>
				<time>1970-01-01T08:59:33Z</time>
			</trkpt>
			<trkpt lat="46.15337133407593" lon="7.2243475914001465">
				<ele>1258.25</ele>
				<time>1970-01-01T08:59:33Z</time>
			</trkpt>
			<trkpt lat="46.1525559425354" lon="7.223317623138428">
				<ele>1248.6600341796875</ele>
				<time>1970-01-01T09:00:59Z</time>
			</trkpt>
			<trkpt lat="46.15163326263428" lon="7.222416400909424">
				<ele>1242.449951171875</ele>
				<time>1970-01-01T09:02:29Z</time>
			</trkpt>
			<trkpt lat="46.15161180496216" lon="7.22226619720459">
				<ele>1236.5799560546875</ele>
				<time>1970-01-01T09:02:37Z</time>
			</trkpt>
			<trkpt lat="46.1516547203064" lon="7.222201824188232">
				<ele>1231.6500244140625</ele>
				<time>1970-01-01T09:02:42Z</time>
			</trkpt>
			<trkpt lat="46.151719093322754" lon="7.222223281860352">
				<ele>1229.68994140625</ele>
				<time>1970-01-01T09:02:47Z</time>
			</trkpt>
			<trkpt lat="46.152942180633545" lon="7.223210334777832">
				<ele>1223.22998046875</ele>
				<time>1970-01-01T09:04:39Z</time>
			</trkpt>
			<trkpt lat="46.15328550338745" lon="7.223575115203857">
				<ele>1216.4200439453125</ele>
				<time>1970-01-01T09:05:14Z</time>
			</trkpt>
			<trkpt lat="46.15377902984619" lon="7.22426176071167">
				<ele>1219.8800048828125</ele>
				<time>1970-01-01T09:06:09Z</time>
			</trkpt>
			<trkpt lat="46.15435838699341" lon="7.224690914154053">
				<ele>1220.699951171875</ele>
				<time>1970-01-01T09:07:01Z</time>
			</trkpt>
			<trkpt lat="46.15506649017334" lon="7.225291728973389">
				<ele>1218.22998046875</ele>
				<time>1970-01-01T09:08:06Z</time>
			</trkpt>
			<trkpt lat="46.15532398223877" lon="7.225399017333984">
				<ele>1212.0699462890625</ele>
				<time>1970-01-01T09:08:28Z</time>
			</trkpt>
			<trkpt lat="46.15560293197632" lon="7.225399017333984">
				<ele>1202.010009765625</ele>
				<time>1970-01-01T09:08:50Z</time>
			</trkpt>
			<trkpt lat="46.15560293197632" lon="7.225399017333984">
				<ele>1202.010009765625</ele>
				<time>1970-01-01T09:08:50Z</time>
			</trkpt>
			<trkpt lat="46.15605354309082" lon="7.2254204750061035">
				<ele>1192.489990234375</ele>
				<time>1970-01-01T09:09:26Z</time>
			</trkpt>
			<trkpt lat="46.15699768066406" lon="7.225742340087891">
				<ele>1190.989990234375</ele>
				<time>1970-01-01T09:10:44Z</time>
			</trkpt>
			<trkpt lat="46.157469749450684" lon="7.225656509399414">
				<ele>1181.22998046875</ele>
				<time>1970-01-01T09:11:22Z</time>
			</trkpt>
			<trkpt lat="46.15774869918823" lon="7.225699424743652">
				<ele>1175.699951171875</ele>
				<time>1970-01-01T09:11:45Z</time>
			</trkpt>
			<trkpt lat="46.15852117538452" lon="7.226064205169678">
				<ele>1161.02001953125</ele>
				<time>1970-01-01T09:12:50Z</time>
			</trkpt>
			<trkpt lat="46.158671379089355" lon="7.226171493530273">
				<ele>1161.030029296875</ele>
				<time>1970-01-01T09:13:03Z</time>
			</trkpt>
			<trkpt lat="46.15882158279419" lon="7.226364612579346">
				<ele>1166.43994140625</ele>
				<time>1970-01-01T09:13:19Z</time>
			</trkpt>
			<trkpt lat="46.15882158279419" lon="7.226364612579346">
				<ele>1166.43994140625</ele>
				<time>1970-01-01T09:13:19Z</time>
			</trkpt>
			<trkpt lat="46.16049528121948" lon="7.22874641418457">
				<ele>1157.239990234375</ele>
				<time>1970-01-01T09:16:27Z</time>
			</trkpt>
			<trkpt lat="46.16049528121948" lon="7.22874641418457">
				<ele>1157.239990234375</ele>
				<time>1970-01-01T09:16:27Z</time>
			</trkpt>
			<trkpt lat="46.160709857940674" lon="7.229068279266357">
				<ele>1148.030029296875</ele>
				<time>1970-01-01T09:16:52Z</time>
			</trkpt>
			<trkpt lat="46.160709857940674" lon="7.229068279266357">
				<ele>1148.030029296875</ele>
				<time>1970-01-01T09:16:52Z</time>
			</trkpt>
			<trkpt lat="46.16101026535034" lon="7.229626178741455">
				<ele>1138.0699462890625</ele>
				<time>1970-01-01T09:17:31Z</time>
			</trkpt>
			<trkpt lat="46.16101026535034" lon="7.229626178741455">
				<ele>1138.0699462890625</ele>
				<time>1970-01-01T09:17:31Z</time>
			</trkpt>
			<trkpt lat="46.16109609603882" lon="7.22975492477417">
				<ele>1136.9100341796875</ele>
				<time>1970-01-01T09:17:41Z</time>
			</trkpt>
			<trkpt lat="46.161203384399414" lon="7.229819297790527">
				<ele>1133.219970703125</ele>
				<time>1970-01-01T09:17:51Z</time>
			</trkpt>
			<trkpt lat="46.16131067276001" lon="7.229819297790527">
				<ele>1129.1700439453125</ele>
				<time>1970-01-01T09:17:59Z</time>
			</trkpt>
			<trkpt lat="46.161417961120605" lon="7.229733467102051">
				<ele>1124.1600341796875</ele>
				<time>1970-01-01T09:18:09Z</time>
			</trkpt>
			<trkpt lat="46.16148233413696" lon="7.229626178741455">
				<ele>1120.969970703125</ele>
				<time>1970-01-01T09:18:17Z</time>
			</trkpt>
			<trkpt lat="46.1615252494812" lon="7.229454517364502">
				<ele>1118.6600341796875</ele>
				<time>1970-01-01T09:18:27Z</time>
			</trkpt>
			<trkpt lat="46.16148233413696" lon="7.229282855987549">
				<ele>1118.93994140625</ele>
				<time>1970-01-01T09:18:37Z</time>
			</trkpt>
			<trkpt lat="46.161417961120605" lon="7.229154109954834">
				<ele>1119.8800048828125</ele>
				<time>1970-01-01T09:18:46Z</time>
			</trkpt>
			<trkpt lat="46.161417961120605" lon="7.229154109954834">
				<ele>1119.8800048828125</ele>
				<time>1970-01-01T09:18:46Z</time>
			</trkpt>
			<trkpt lat="46.16083860397339" lon="7.228381633758545">
				<ele>1123.7099609375</ele>
				<time>1970-01-01T09:19:49Z</time>
			</trkpt>
			<trkpt lat="46.15974426269531" lon="7.22651481628418">
				<ele>1111.7099609375</ele>
				<time>1970-01-01T09:22:05Z</time>
			</trkpt>
			<trkpt lat="46.159422397613525" lon="7.226085662841797">
				<ele>1112.06005859375</ele>
				<time>1970-01-01T09:22:40Z</time>
			</trkpt>
			<trkpt lat="46.159186363220215" lon="7.225892543792725">
				<ele>1114.8299560546875</ele>
				<time>1970-01-01T09:23:02Z</time>
			</trkpt>
			<trkpt lat="46.159186363220215" lon="7.225892543792725">
				<ele>1114.8299560546875</ele>
				<time>1970-01-01T09:23:02Z</time>
			</trkpt>
			<trkpt lat="46.15852117538452" lon="7.225377559661865">
				<ele>1101.1600341796875</ele>
				<time>1970-01-01T09:24:02Z</time>
			</trkpt>
			<trkpt lat="46.158177852630615" lon="7.22524881362915">
				<ele>1110.81005859375</ele>
				<time>1970-01-01T09:24:30Z</time>
			</trkpt>
			<trkpt lat="46.158177852630615" lon="7.22524881362915">
				<ele>1110.81005859375</ele>
				<time>1970-01-01T09:24:30Z</time>
			</trkpt>
			<trkpt lat="46.15779161453247" lon="7.225055694580078">
				<ele>1130.0899658203125</ele>
				<time>1970-01-01T09:25:03Z</time>
			</trkpt>
			<trkpt lat="46.15755558013916" lon="7.224819660186768">
				<ele>1126.77001953125</ele>
				<time>1970-01-01T09:25:26Z</time>
			</trkpt>
			<trkpt lat="46.157169342041016" lon="7.224133014678955">
				<ele>1089.1199951171875</ele>
				<time>1970-01-01T09:26:15Z</time>
			</trkpt>
			<trkpt lat="46.15697622299194" lon="7.223875522613525">
				<ele>1079.4599609375</ele>
				<time>1970-01-01T09:26:36Z</time>
			</trkpt>
			<trkpt lat="46.15697622299194" lon="7.223875522613525">
				<ele>1079.4599609375</ele>
				<time>1970-01-01T09:26:36Z</time>
			</trkpt>
			<trkpt lat="46.15678310394287" lon="7.2237467765808105">
				<ele>1077.4599609375</ele>
				<time>1970-01-01T09:26:53Z</time>
			</trkpt>
			<trkpt lat="46.15678310394287" lon="7.2237467765808105">
				<ele>1077.4599609375</ele>
				<time>1970-01-01T09:26:53Z</time>
			</trkpt>
			<trkpt lat="46.15624666213989" lon="7.223467826843262">
				<ele>1074.52001953125</ele>
				<time>1970-01-01T09:27:39Z</time>
			</trkpt>
			<trkpt lat="46.15624666213989" lon="7.223467826843262">
				<ele>1074.52001953125</ele>
				<time>1970-01-01T09:27:39Z</time>
			</trkpt>
			<trkpt lat="46.15588188171387" lon="7.223188877105713">
				<ele>1076.6800537109375</ele>
				<time>1970-01-01T09:28:12Z</time>
			</trkpt>
			<trkpt lat="46.15534543991089" lon="7.222459316253662">
				<ele>1059.300048828125</ele>
				<time>1970-01-01T09:29:11Z</time>
			</trkpt>
			<trkpt lat="46.154937744140625" lon="7.222158908843994">
				<ele>1065.300048828125</ele>
				<time>1970-01-01T09:29:48Z</time>
			</trkpt>
			<trkpt lat="46.154723167419434" lon="7.221944332122803">
				<ele>1062.1400146484375</ele>
				<time>1970-01-01T09:30:09Z</time>
			</trkpt>
			<trkpt lat="46.153714656829834" lon="7.220420837402344">
				<ele>1030.56005859375</ele>
				<time>1970-01-01T09:32:05Z</time>
			</trkpt>
			<trkpt lat="46.15352153778076" lon="7.2202277183532715">
				<ele>1033.8699951171875</ele>
				<time>1970-01-01T09:32:24Z</time>
			</trkpt>
			<trkpt lat="46.15313529968262" lon="7.22001314163208">
				<ele>1045.75</ele>
				<time>1970-01-01T09:32:57Z</time>
			</trkpt>
			<trkpt lat="46.152942180633545" lon="7.219820022583008">
				<ele>1047.4599609375</ele>
				<time>1970-01-01T09:33:16Z</time>
			</trkpt>
			<trkpt lat="46.15279197692871" lon="7.219583988189697">
				<ele>1039.22998046875</ele>
				<time>1970-01-01T09:33:34Z</time>
			</trkpt>
			<trkpt lat="46.152448654174805" lon="7.218918800354004">
				<ele>1018.4600219726562</ele>
				<time>1970-01-01T09:34:20Z</time>
			</trkpt>
			<trkpt lat="46.15223407745361" lon="7.218575477600098">
				<ele>1013.0999755859375</ele>
				<time>1970-01-01T09:34:46Z</time>
			</trkpt>
			<trkpt lat="46.15223407745361" lon="7.218575477600098">
				<ele>1013.0999755859375</ele>
				<time>1970-01-01T09:34:46Z</time>
			</trkpt>
			<trkpt lat="46.151912212371826" lon="7.218103408813477">
				<ele>1014.010009765625</ele>
				<time>1970-01-01T09:35:22Z</time>
			</trkpt>
			<trkpt lat="46.15156888961792" lon="7.2173309326171875">
				<ele>999.77001953125</ele>
				<time>1970-01-01T09:36:13Z</time>
			</trkpt>
			<trkpt lat="46.151225566864014" lon="7.216858863830566">
				<ele>997.1599731445312</ele>
				<time>1970-01-01T09:36:51Z</time>
			</trkpt>
			<trkpt lat="46.15006685256958" lon="7.215614318847656">
				<ele>995.4600219726562</ele>
				<time>1970-01-01T09:38:47Z</time>
			</trkpt>
			<trkpt lat="46.148693561553955" lon="7.2147345542907715">
				<ele>995.489990234375</ele>
				<time>1970-01-01T09:40:47Z</time>
			</trkpt>
			<trkpt lat="46.14865064620972" lon="7.214648723602295">
				<ele>993.2999877929688</ele>
				<time>1970-01-01T09:40:53Z</time>
			</trkpt>
			<trkpt lat="46.148672103881836" lon="7.21451997756958">
				<ele>987.3300170898438</ele>
				<time>1970-01-01T09:41:01Z</time>
			</trkpt>
			<trkpt lat="46.148715019226074" lon="7.214455604553223">
				<ele>982.8900146484375</ele>
				<time>1970-01-01T09:41:05Z</time>
			</trkpt>
			<trkpt lat="46.14880084991455" lon="7.214477062225342">
				<ele>980.4000244140625</ele>
				<time>1970-01-01T09:41:12Z</time>
			</trkpt>
			<trkpt lat="46.14910125732422" lon="7.214713096618652">
				<ele>975.530029296875</ele>
				<time>1970-01-01T09:41:40Z</time>
			</trkpt>
			<trkpt lat="46.149423122406006" lon="7.2148847579956055">
				<ele>969.97998046875</ele>
				<time>1970-01-01T09:42:07Z</time>
			</trkpt>
			<trkpt lat="46.15032434463501" lon="7.215056419372559">
				<ele>957.780029296875</ele>
				<time>1970-01-01T09:43:20Z</time>
			</trkpt>
			<trkpt lat="46.15137577056885" lon="7.215743064880371">
				<ele>949.5499877929688</ele>
				<time>1970-01-01T09:44:53Z</time>
			</trkpt>
			<trkpt lat="46.15161180496216" lon="7.21576452255249">
				<ele>944.6599731445312</ele>
				<time>1970-01-01T09:45:11Z</time>
			</trkpt>
			<trkpt lat="46.15204095840454" lon="7.215592861175537">
				<ele>932.6099853515625</ele>
				<time>1970-01-01T09:45:47Z</time>
			</trkpt>
			<trkpt lat="46.15227699279785" lon="7.2156572341918945">
				<ele>925.4500122070312</ele>
				<time>1970-01-01T09:46:06Z</time>
			</trkpt>
			<trkpt lat="46.152448654174805" lon="7.215850353240967">
				<ele>922.739990234375</ele>
				<time>1970-01-01T09:46:24Z</time>
			</trkpt>
			<trkpt lat="46.15304946899414" lon="7.217051982879639">
				<ele>933.4600219726562</ele>
				<time>1970-01-01T09:47:46Z</time>
			</trkpt>
			<trkpt lat="46.15304946899414" lon="7.217051982879639">
				<ele>933.4600219726562</ele>
				<time>1970-01-01T09:47:46Z</time>
			</trkpt>
			<trkpt lat="46.15350008010864" lon="7.217502593994141">
				<ele>925.030029296875</ele>
				<time>1970-01-01T09:48:30Z</time>
			</trkpt>
			<trkpt lat="46.15350008010864" lon="7.217502593994141">
				<ele>925.030029296875</ele>
				<time>1970-01-01T09:48:30Z</time>
			</trkpt>
			<trkpt lat="46.153929233551025" lon="7.217845916748047">
				<ele>913.7999877929688</ele>
				<time>1970-01-01T09:49:09Z</time>
			</trkpt>
			<trkpt lat="46.154422760009766" lon="7.218618392944336">
				<ele>910.760009765625</ele>
				<time>1970-01-01T09:50:07Z</time>
			</trkpt>
			<trkpt lat="46.15476608276367" lon="7.218940258026123">
				<ele>905.5900268554688</ele>
				<time>1970-01-01T09:50:40Z</time>
			</trkpt>
			<trkpt lat="46.1554741859436" lon="7.219283580780029">
				<ele>895.9600219726562</ele>
				<time>1970-01-01T09:51:40Z</time>
			</trkpt>
			<trkpt lat="46.15650415420532" lon="7.2199273109436035">
				<ele>889.9299926757812</ele>
				<time>1970-01-01T09:53:10Z</time>
			</trkpt>
			<trkpt lat="46.156718730926514" lon="7.219991683959961">
				<ele>887.52001953125</ele>
				<time>1970-01-01T09:53:27Z</time>
			</trkpt>
			<trkpt lat="46.157190799713135" lon="7.220034599304199">
				<ele>876.9299926757812</ele>
				<time>1970-01-01T09:54:05Z</time>
			</trkpt>
			<trkpt lat="46.1575984954834" lon="7.220184803009033">
				<ele>866.1400146484375</ele>
				<time>1970-01-01T09:54:39Z</time>
			</trkpt>
			<trkpt lat="46.15783452987671" lon="7.220356464385986">
				<ele>863.8699951171875</ele>
				<time>1970-01-01T09:55:00Z</time>
			</trkpt>
			<trkpt lat="46.15822076797485" lon="7.220721244812012">
				<ele>863.010009765625</ele>
				<time>1970-01-01T09:55:37Z</time>
			</trkpt>
			<trkpt lat="46.15847826004028" lon="7.221043109893799">
				<ele>867.1799926757812</ele>
				<time>1970-01-01T09:56:04Z</time>
			</trkpt>
			<trkpt lat="46.158714294433594" lon="7.221493721008301">
				<ele>872.6400146484375</ele>
				<time>1970-01-01T09:56:36Z</time>
			</trkpt>
			<trkpt lat="46.15880012512207" lon="7.221536636352539">
				<ele>870.25</ele>
				<time>1970-01-01T09:56:43Z</time>
			</trkpt>
			<trkpt lat="46.15884304046631" lon="7.221493721008301">
				<ele>868.3599853515625</ele>
				<time>1970-01-01T09:56:47Z</time>
			</trkpt>
			<trkpt lat="46.15884304046631" lon="7.221343517303467">
				<ele>863.0499877929688</ele>
				<time>1970-01-01T09:56:56Z</time>
			</trkpt>
			<trkpt lat="46.15834951400757" lon="7.220442295074463">
				<ele>841.4000244140625</ele>
				<time>1970-01-01T09:57:59Z</time>
			</trkpt>
			<trkpt lat="46.158156394958496" lon="7.220141887664795">
				<ele>840.2000122070312</ele>
				<time>1970-01-01T09:58:22Z</time>
			</trkpt>
			<trkpt lat="46.156203746795654" lon="7.218060493469238">
				<ele>825.5900268554688</ele>
				<time>1970-01-01T10:01:36Z</time>
			</trkpt>
			<trkpt lat="46.155903339385986" lon="7.217588424682617">
				<ele>820.0599975585938</ele>
				<time>1970-01-01T10:02:12Z</time>
			</trkpt>
			<trkpt lat="46.15575313568115" lon="7.217245101928711">
				<ele>813.760009765625</ele>
				<time>1970-01-01T10:02:35Z</time>
			</trkpt>
			<trkpt lat="46.15551710128784" lon="7.21651554107666">
				<ele>804.0999755859375</ele>
				<time>1970-01-01T10:03:19Z</time>
			</trkpt>
			<trkpt lat="46.155195236206055" lon="7.215893268585205">
				<ele>800.0599975585938</ele>
				<time>1970-01-01T10:04:02Z</time>
			</trkpt>
			<trkpt lat="46.155195236206055" lon="7.21576452255249">
				<ele>796.8400268554688</ele>
				<time>1970-01-01T10:04:09Z</time>
			</trkpt>
			<trkpt lat="46.15530252456665" lon="7.215743064880371">
				<ele>793.6799926757812</ele>
				<time>1970-01-01T10:04:18Z</time>
			</trkpt>
			<trkpt lat="46.15605354309082" lon="7.216751575469971">
				<ele>792.1500244140625</ele>
				<time>1970-01-01T10:05:40Z</time>
			</trkpt>
			<trkpt lat="46.1565899848938" lon="7.217309474945068">
				<ele>784.3200073242188</ele>
				<time>1970-01-01T10:06:33Z</time>
			</trkpt>
			<trkpt lat="46.15811347961426" lon="7.218725681304932">
				<ele>783.0999755859375</ele>
				<time>1970-01-01T10:08:58Z</time>
			</trkpt>
			<trkpt lat="46.15822076797485" lon="7.218747138977051">
				<ele>778.8900146484375</ele>
				<time>1970-01-01T10:09:07Z</time>
			</trkpt>
			<trkpt lat="46.15826368331909" lon="7.218618392944336">
				<ele>771.6699829101562</ele>
				<time>1970-01-01T10:09:15Z</time>
			</trkpt>
			<trkpt lat="46.15822076797485" lon="7.2185540199279785">
				<ele>770.5499877929688</ele>
				<time>1970-01-01T10:09:20Z</time>
			</trkpt>
			<trkpt lat="46.15774869918823" lon="7.218103408813477">
				<ele>763.1300048828125</ele>
				<time>1970-01-01T10:10:05Z</time>
			</trkpt>
			<trkpt lat="46.15738391876221" lon="7.217609882354736">
				<ele>757.6500244140625</ele>
				<time>1970-01-01T10:10:45Z</time>
			</trkpt>
			<trkpt lat="46.156933307647705" lon="7.217159271240234">
				<ele>761.3499755859375</ele>
				<time>1970-01-01T10:11:29Z</time>
			</trkpt>
			<trkpt lat="46.15682601928711" lon="7.216944694519043">
				<ele>758.5399780273438</ele>
				<time>1970-01-01T10:11:44Z</time>
			</trkpt>
			<trkpt lat="46.15656852722168" lon="7.216172218322754">
				<ele>746.0700073242188</ele>
				<time>1970-01-01T10:12:31Z</time>
			</trkpt>
			<trkpt lat="46.15635395050049" lon="7.215635776519775">
				<ele>741.0900268554688</ele>
				<time>1970-01-01T10:13:06Z</time>
			</trkpt>
			<trkpt lat="46.15536689758301" lon="7.213962078094482">
				<ele>733.8599853515625</ele>
				<time>1970-01-01T10:15:08Z</time>
			</trkpt>
			<trkpt lat="46.15532398223877" lon="7.213876247406006">
				<ele>733.7999877929688</ele>
				<time>1970-01-01T10:15:13Z</time>
			</trkpt>
			<trkpt lat="46.15532398223877" lon="7.213790416717529">
				<ele>731.260009765625</ele>
				<time>1970-01-01T10:15:18Z</time>
			</trkpt>
			<trkpt lat="46.15538835525513" lon="7.213726043701172">
				<ele>725.530029296875</ele>
				<time>1970-01-01T10:15:24Z</time>
			</trkpt>
			<trkpt lat="46.155452728271484" lon="7.213747501373291">
				<ele>722.7999877929688</ele>
				<time>1970-01-01T10:15:30Z</time>
			</trkpt>
			<trkpt lat="46.157169342041016" lon="7.215292453765869">
				<ele>699.0900268554688</ele>
				<time>1970-01-01T10:18:12Z</time>
			</trkpt>
			<trkpt lat="46.15826368331909" lon="7.216665744781494">
				<ele>684.760009765625</ele>
				<time>1970-01-01T10:20:08Z</time>
			</trkpt>
			<trkpt lat="46.15837097167969" lon="7.216901779174805">
				<ele>684.7999877929688</ele>
				<time>1970-01-01T10:20:24Z</time>
			</trkpt>
			<trkpt lat="46.158456802368164" lon="7.2173309326171875">
				<ele>692.25</ele>
				<time>1970-01-01T10:20:48Z</time>
			</trkpt>
			<trkpt lat="46.158456802368164" lon="7.2173309326171875">
				<ele>692.25</ele>
				<time>1970-01-01T10:20:48Z</time>
			</trkpt>
			<trkpt lat="46.158649921417236" lon="7.218039035797119">
				<ele>706.7100219726562</ele>
				<time>1970-01-01T10:21:31Z</time>
			</trkpt>
			<trkpt lat="46.15877866744995" lon="7.218339443206787">
				<ele>712.9199829101562</ele>
				<time>1970-01-01T10:21:50Z</time>
			</trkpt>
			<trkpt lat="46.15903615951538" lon="7.218790054321289">
				<ele>703.5900268554688</ele>
				<time>1970-01-01T10:22:23Z</time>
			</trkpt>
			<trkpt lat="46.15903615951538" lon="7.218790054321289">
				<ele>703.5900268554688</ele>
				<time>1970-01-01T10:22:23Z</time>
			</trkpt>
			<trkpt lat="46.15925073623657" lon="7.219090461730957">
				<ele>691.8499755859375</ele>
				<time>1970-01-01T10:22:46Z</time>
			</trkpt>
			<trkpt lat="46.15959405899048" lon="7.219455242156982">
				<ele>669.9600219726562</ele>
				<time>1970-01-01T10:23:21Z</time>
			</trkpt>
			<trkpt lat="46.16150379180908" lon="7.221107482910156">
				<ele>643.030029296875</ele>
				<time>1970-01-01T10:26:19Z</time>
			</trkpt>
			<trkpt lat="46.16171836853027" lon="7.22125768661499">
				<ele>640.0599975585938</ele>
				<time>1970-01-01T10:26:38Z</time>
			</trkpt>
			<trkpt lat="46.16234064102173" lon="7.2216010093688965">
				<ele>632.77001953125</ele>
				<time>1970-01-01T10:27:31Z</time>
			</trkpt>
			<trkpt lat="46.1626410484314" lon="7.221794128417969">
				<ele>628.969970703125</ele>
				<time>1970-01-01T10:27:58Z</time>
			</trkpt>
			<trkpt lat="46.16313457489014" lon="7.222330570220947">
				<ele>622.77001953125</ele>
				<time>1970-01-01T10:28:47Z</time>
			</trkpt>
			<trkpt lat="46.163456439971924" lon="7.222888469696045">
				<ele>634.6599731445312</ele>
				<time>1970-01-01T10:29:27Z</time>
			</trkpt>
			<trkpt lat="46.16356372833252" lon="7.222931385040283">
				<ele>630.52001953125</ele>
				<time>1970-01-01T10:29:36Z</time>
			</trkpt>
			<trkpt lat="46.16360664367676" lon="7.222867012023926">
				<ele>625.47998046875</ele>
				<time>1970-01-01T10:29:41Z</time>
			</trkpt>
			<trkpt lat="46.16358518600464" lon="7.22275972366333">
				<ele>621.9099731445312</ele>
				<time>1970-01-01T10:29:47Z</time>
			</trkpt>
			<trkpt lat="46.16328477859497" lon="7.222352027893066">
				<ele>617.5800170898438</ele>
				<time>1970-01-01T10:30:20Z</time>
			</trkpt>
			<trkpt lat="46.16287708282471" lon="7.22151517868042">
				<ele>607.5499877929688</ele>
				<time>1970-01-01T10:31:17Z</time>
			</trkpt>
			<trkpt lat="46.162705421447754" lon="7.2213006019592285">
				<ele>605.5399780273438</ele>
				<time>1970-01-01T10:31:35Z</time>
			</trkpt>
			<trkpt lat="46.16184711456299" lon="7.220571041107178">
				<ele>602.8800048828125</ele>
				<time>1970-01-01T10:32:55Z</time>
			</trkpt>
			<trkpt lat="46.161653995513916" lon="7.220356464385986">
				<ele>603.489990234375</ele>
				<time>1970-01-01T10:33:15Z</time>
			</trkpt>
			<trkpt lat="46.16131067276001" lon="7.219862937927246">
				<ele>600.8400268554688</ele>
				<time>1970-01-01T10:33:53Z</time>
			</trkpt>
			<trkpt lat="46.16081714630127" lon="7.218875885009766">
				<ele>582.8599853515625</ele>
				<time>1970-01-01T10:35:01Z</time>
			</trkpt>
			<trkpt lat="46.160645484924316" lon="7.218682765960693">
				<ele>585.1799926757812</ele>
				<time>1970-01-01T10:35:18Z</time>
			</trkpt>
			<trkpt lat="46.16032361984253" lon="7.218468189239502">
				<ele>590.6599731445312</ele>
				<time>1970-01-01T10:35:47Z</time>
			</trkpt>
			<trkpt lat="46.16030216217041" lon="7.2184038162231445">
				<ele>588.4099731445312</ele>
				<time>1970-01-01T10:35:51Z</time>
			</trkpt>
			<trkpt lat="46.16034507751465" lon="7.218317985534668">
				<ele>582.8300170898438</ele>
				<time>1970-01-01T10:35:57Z</time>
			</trkpt>
			<trkpt lat="46.160430908203125" lon="7.218296527862549">
				<ele>578.8800048828125</ele>
				<time>1970-01-01T10:36:04Z</time>
			</trkpt>
			<trkpt lat="46.160945892333984" lon="7.218747138977051">
				<ele>570.75</ele>
				<time>1970-01-01T10:36:52Z</time>
			</trkpt>
			<trkpt lat="46.16124629974365" lon="7.219176292419434">
				<ele>573.1500244140625</ele>
				<time>1970-01-01T10:37:26Z</time>
			</trkpt>
			<trkpt lat="46.16186857223511" lon="7.219862937927246">
				<ele>573.0399780273438</ele>
				<time>1970-01-01T10:38:28Z</time>
			</trkpt>
			<trkpt lat="46.16246938705444" lon="7.220206260681152">
				<ele>571.760009765625</ele>
				<time>1970-01-01T10:39:20Z</time>
			</trkpt>
			<trkpt lat="46.16332769393921" lon="7.2205281257629395">
				<ele>549.0700073242188</ele>
				<time>1970-01-01T10:40:31Z</time>
			</trkpt>
			<trkpt lat="46.163692474365234" lon="7.22076416015625">
				<ele>539.3300170898438</ele>
				<time>1970-01-01T10:41:03Z</time>
			</trkpt>
			<trkpt lat="46.164143085479736" lon="7.221364974975586">
				<ele>540.2999877929688</ele>
				<time>1970-01-01T10:41:52Z</time>
			</trkpt>
			<trkpt lat="46.16459369659424" lon="7.221837043762207">
				<ele>529.010009765625</ele>
				<time>1970-01-01T10:42:37Z</time>
			</trkpt>
			<trkpt lat="46.164894104003906" lon="7.22226619720459">
				<ele>524.6599731445312</ele>
				<time>1970-01-01T10:43:11Z</time>
			</trkpt>
			<trkpt lat="46.165666580200195" lon="7.2229743003845215">
				<ele>522.5700073242188</ele>
				<time>1970-01-01T10:44:24Z</time>
			</trkpt>
			<trkpt lat="46.16598844528198" lon="7.223403453826904">
				<ele>521.4000244140625</ele>
				<time>1970-01-01T10:44:59Z</time>
			</trkpt>
			<trkpt lat="46.166160106658936" lon="7.223575115203857">
				<ele>521.8099975585938</ele>
				<time>1970-01-01T10:45:16Z</time>
			</trkpt>
			<trkpt lat="46.166653633117676" lon="7.223854064941406">
				<ele>522.3599853515625</ele>
				<time>1970-01-01T10:45:58Z</time>
			</trkpt>
			<trkpt lat="46.16708278656006" lon="7.224154472351074">
				<ele>521.52001953125</ele>
				<time>1970-01-01T10:46:36Z</time>
			</trkpt>
			<trkpt lat="46.16727590560913" lon="7.224154472351074">
				<ele>513.1599731445312</ele>
				<time>1970-01-01T10:46:52Z</time>
			</trkpt>
			<trkpt lat="46.16731882095337" lon="7.224090099334717">
				<ele>510.0899963378906</ele>
				<time>1970-01-01T10:46:57Z</time>
			</trkpt>
			<trkpt lat="46.16734027862549" lon="7.22400426864624">
				<ele>507.0400085449219</ele>
				<time>1970-01-01T10:47:02Z</time>
			</trkpt>
			<trkpt lat="46.16734027862549" lon="7.22400426864624">
				<ele>507.0400085449219</ele>
				<time>1970-01-01T10:47:02Z</time>
			</trkpt>
			<trkpt lat="46.1674690246582" lon="7.223939895629883">
				<ele>503.5</ele>
				<time>1970-01-01T10:47:13Z</time>
			</trkpt>
			<trkpt lat="46.167898178100586" lon="7.223317623138428">
				<ele>499.6700134277344</ele>
				<time>1970-01-01T10:48:02Z</time>
			</trkpt>
			<trkpt lat="46.167898178100586" lon="7.223317623138428">
				<ele>499.6700134277344</ele>
				<time>1970-01-01T10:48:02Z</time>
			</trkpt>
			<trkpt lat="46.1681342124939" lon="7.22301721572876">
				<ele>497.75</ele>
				<time>1970-01-01T10:48:27Z</time>
			</trkpt>
			<trkpt lat="46.1681342124939" lon="7.22301721572876">
				<ele>497.75</ele>
				<time>1970-01-01T10:48:27Z</time>
			</trkpt>
			<trkpt lat="46.16837024688721" lon="7.2226738929748535">
				<ele>497.3599853515625</ele>
				<time>1970-01-01T10:48:54Z</time>
			</trkpt>
			<trkpt lat="46.16854190826416" lon="7.222566604614258">
				<ele>496.9599914550781</ele>
				<time>1970-01-01T10:49:09Z</time>
			</trkpt>
			<trkpt lat="46.16854190826416" lon="7.222566604614258">
				<ele>496.9599914550781</ele>
				<time>1970-01-01T10:49:09Z</time>
			</trkpt>
			<trkpt lat="46.16862773895264" lon="7.222545146942139">
				<ele>496.489990234375</ele>
				<time>1970-01-01T10:49:16Z</time>
			</trkpt>
			<trkpt lat="46.169142723083496" lon="7.222459316253662">
				<ele>493.1300048828125</ele>
				<time>1970-01-01T10:49:57Z</time>
			</trkpt>
			<trkpt lat="46.169142723083496" lon="7.222459316253662">
				<ele>493.1300048828125</ele>
				<time>1970-01-01T10:49:57Z</time>
			</trkpt>
			<trkpt lat="46.16952896118164" lon="7.2223734855651855">
				<ele>494.2699890136719</ele>
				<time>1970-01-01T10:50:28Z</time>
			</trkpt>
			<trkpt lat="46.16952896118164" lon="7.2223734855651855">
				<ele>494.2699890136719</ele>
				<time>1970-01-01T10:50:28Z</time>
			</trkpt>
			<trkpt lat="46.16955041885376" lon="7.2223734855651855">
				<ele>494.42999267578125</ele>
				<time>1970-01-01T10:50:30Z</time>
			</trkpt>
			<trkpt lat="46.16955041885376" lon="7.2223734855651855">
				<ele>494.42999267578125</ele>
				<time>1970-01-01T10:50:30Z</time>
			</trkpt>
			<trkpt lat="46.16955041885376" lon="7.222115993499756">
				<ele>493.6099853515625</ele>
				<time>1970-01-01T10:50:44Z</time>
			</trkpt>
			<trkpt lat="46.16955041885376" lon="7.222115993499756">
				<ele>493.6099853515625</ele>
				<time>1970-01-01T10:50:44Z</time>
			</trkpt>
			<trkpt lat="46.16952896118164" lon="7.2217512130737305">
				<ele>492.2200012207031</ele>
				<time>1970-01-01T10:51:05Z</time>
			</trkpt>
			<trkpt lat="46.16952896118164" lon="7.2217512130737305">
				<ele>492.2200012207031</ele>
				<time>1970-01-01T10:51:05Z</time>
			</trkpt>
			<trkpt lat="46.1694860458374" lon="7.22102165222168">
				<ele>490.3999938964844</ele>
				<time>1970-01-01T10:51:45Z</time>
			</trkpt>
			<trkpt lat="46.1694860458374" lon="7.22102165222168">
				<ele>490.3999938964844</ele>
				<time>1970-01-01T10:51:45Z</time>
			</trkpt>
			<trkpt lat="46.169443130493164" lon="7.220463752746582">
				<ele>486.2699890136719</ele>
				<time>1970-01-01T10:52:16Z</time>
			</trkpt>
			<trkpt lat="46.169443130493164" lon="7.220463752746582">
				<ele>486.2699890136719</ele>
				<time>1970-01-01T10:52:16Z</time>
			</trkpt>
			<trkpt lat="46.17006540298462" lon="7.220356464385986">
				<ele>485.55999755859375</ele>
				<time>1970-01-01T10:53:07Z</time>
			</trkpt>
			<trkpt lat="46.17006540298462" lon="7.220356464385986">
				<ele>485.55999755859375</ele>
				<time>1970-01-01T10:53:07Z</time>
			</trkpt>
			<trkpt lat="46.170194149017334" lon="7.2203779220581055">
				<ele>485.6400146484375</ele>
				<time>1970-01-01T10:53:17Z</time>
			</trkpt>
			<trkpt lat="46.17051601409912" lon="7.220549583435059">
				<ele>486.5199890136719</ele>
				<time>1970-01-01T10:53:44Z</time>
			</trkpt>
			<trkpt lat="46.17051601409912" lon="7.220549583435059">
				<ele>486.5199890136719</ele>
				<time>1970-01-01T10:53:44Z</time>
			</trkpt>
			<trkpt lat="46.17062330245972" lon="7.220592498779297">
				<ele>486.82000732421875</ele>
				<time>1970-01-01T10:53:53Z</time>
			</trkpt>
			<trkpt lat="46.17062330245972" lon="7.220592498779297">
				<ele>486.82000732421875</ele>
				<time>1970-01-01T10:53:53Z</time>
			</trkpt>
			<trkpt lat="46.17081642150879" lon="7.220699787139893">
				<ele>487.8599853515625</ele>
				<time>1970-01-01T10:54:10Z</time>
			</trkpt>
			<trkpt lat="46.17081642150879" lon="7.220699787139893">
				<ele>487.8599853515625</ele>
				<time>1970-01-01T10:54:10Z</time>
			</trkpt>
			<trkpt lat="46.17128849029541" lon="7.220978736877441">
				<ele>488.8399963378906</ele>
				<time>1970-01-01T10:54:51Z</time>
			</trkpt>
			<trkpt lat="46.1715030670166" lon="7.221107482910156">
				<ele>488.79998779296875</ele>
				<time>1970-01-01T10:55:09Z</time>
			</trkpt>
			<trkpt lat="46.17154598236084" lon="7.221086025238037">
				<ele>488.4800109863281</ele>
				<time>1970-01-01T10:55:13Z</time>
			</trkpt>
			<trkpt lat="46.17154598236084" lon="7.221086025238037">
				<ele>488.4800109863281</ele>
				<time>1970-01-01T10:55:13Z</time>
			</trkpt>
			<trkpt lat="46.17158889770508" lon="7.221193313598633">
				<ele>489.20001220703125</ele>
				<time>1970-01-01T10:55:20Z</time>
			</trkpt>
			<trkpt lat="46.17176055908203" lon="7.221322059631348">
				<ele>490.739990234375</ele>
				<time>1970-01-01T10:55:35Z</time>
			</trkpt>
			<trkpt lat="46.17176055908203" lon="7.221322059631348">
				<ele>490.739990234375</ele>
				<time>1970-01-01T10:55:35Z</time>
			</trkpt>
			<trkpt lat="46.1720609664917" lon="7.221579551696777">
				<ele>492.92999267578125</ele>
				<time>1970-01-01T10:56:03Z</time>
			</trkpt>
			<trkpt lat="46.17233991622925" lon="7.221837043762207">
				<ele>494.0299987792969</ele>
				<time>1970-01-01T10:56:30Z</time>
			</trkpt>
			<trkpt lat="46.17233991622925" lon="7.221837043762207">
				<ele>494.0299987792969</ele>
				<time>1970-01-01T10:56:30Z</time>
			</trkpt>
			<trkpt lat="46.17233991622925" lon="7.221858501434326">
				<ele>494.17999267578125</ele>
				<time>1970-01-01T10:56:31Z</time>
			</trkpt>
			<trkpt lat="46.17233991622925" lon="7.221858501434326">
				<ele>494.17999267578125</ele>
				<time>1970-01-01T10:56:31Z</time>
			</trkpt>
			<trkpt lat="46.17249011993408" lon="7.221987247467041">
				<ele>494.5799865722656</ele>
				<time>1970-01-01T10:56:45Z</time>
			</trkpt>
			<trkpt lat="46.172640323638916" lon="7.222115993499756">
				<ele>494.95001220703125</ele>
				<time>1970-01-01T10:56:59Z</time>
			</trkpt>
			<trkpt lat="46.17287635803223" lon="7.222309112548828">
				<ele>494.32000732421875</ele>
				<time>1970-01-01T10:57:21Z</time>
			</trkpt>
			<trkpt lat="46.17287635803223" lon="7.222309112548828">
				<ele>494.32000732421875</ele>
				<time>1970-01-01T10:57:21Z</time>
			</trkpt>
			<trkpt lat="46.17309093475342" lon="7.222459316253662">
				<ele>493.0799865722656</ele>
				<time>1970-01-01T10:57:40Z</time>
			</trkpt>
			<trkpt lat="46.17309093475342" lon="7.222459316253662">
				<ele>493.0799865722656</ele>
				<time>1970-01-01T10:57:40Z</time>
			</trkpt>
			<trkpt lat="46.173155307769775" lon="7.222330570220947">
				<ele>492.5899963378906</ele>
				<time>1970-01-01T10:57:49Z</time>
			</trkpt>
			<trkpt lat="46.173155307769775" lon="7.222330570220947">
				<ele>492.5899963378906</ele>
				<time>1970-01-01T10:57:49Z</time>
			</trkpt>
			<trkpt lat="46.173176765441895" lon="7.222287654876709">
				<ele>492.2300109863281</ele>
				<time>1970-01-01T10:57:52Z</time>
			</trkpt>
			<trkpt lat="46.173176765441895" lon="7.222287654876709">
				<ele>492.2300109863281</ele>
				<time>1970-01-01T10:57:52Z</time>
			</trkpt>
			<trkpt lat="46.173391342163086" lon="7.221987247467041">
				<ele>489.3699951171875</ele>
				<time>1970-01-01T10:58:15Z</time>
			</trkpt>
			<trkpt lat="46.17360591888428" lon="7.221558094024658">
				<ele>487.3800048828125</ele>
				<time>1970-01-01T10:58:45Z</time>
			</trkpt>
			<trkpt lat="46.17371320724487" lon="7.221343517303467">
				<ele>486.6099853515625</ele>
				<time>1970-01-01T10:59:00Z</time>
			</trkpt>
			<trkpt lat="46.17377758026123" lon="7.221193313598633">
				<ele>486.0</ele>
				<time>1970-01-01T10:59:09Z</time>
			</trkpt>
			<trkpt lat="46.17399215698242" lon="7.220721244812012">
				<ele>482.2300109863281</ele>
				<time>1970-01-01T10:59:41Z</time>
			</trkpt>
			<trkpt lat="46.17399215698242" lon="7.220721244812012">
				<ele>482.2300109863281</ele>
				<time>1970-01-01T10:59:41Z</time>
			</trkpt>
			<trkpt lat="46.1740779876709" lon="7.220485210418701">
				<ele>479.0199890136719</ele>
				<time>1970-01-01T10:59:55Z</time>
			</trkpt>
			<trkpt lat="46.1740779876709" lon="7.220485210418701">
				<ele>479.0199890136719</ele>
				<time>1970-01-01T10:59:55Z</time>
			</trkpt>
			<trkpt lat="46.174185276031494" lon="7.220206260681152">
				<ele>476.6199951171875</ele>
				<time>1970-01-01T11:00:13Z</time>
			</trkpt>
			<trkpt lat="46.174185276031494" lon="7.220206260681152">
				<ele>476.6199951171875</ele>
				<time>1970-01-01T11:00:13Z</time>
			</trkpt>
			<trkpt lat="46.174185276031494" lon="7.220206260681152">
				<ele>476.6199951171875</ele>
				<time>1970-01-01T11:00:13Z</time>
			</trkpt>
			<trkpt lat="46.17422819137573" lon="7.220163345336914">
				<ele>476.32000732421875</ele>
				<time>1970-01-01T11:00:17Z</time>
			</trkpt>
			<trkpt lat="46.17422819137573" lon="7.220163345336914">
				<ele>476.32000732421875</ele>
				<time>1970-01-01T11:00:17Z</time>
			</trkpt>
			<trkpt lat="46.17435693740845" lon="7.219970226287842">
				<ele>475.1400146484375</ele>
				<time>1970-01-01T11:00:32Z</time>
			</trkpt>
			<trkpt lat="46.174421310424805" lon="7.2199273109436035">
				<ele>474.75</ele>
				<time>1970-01-01T11:00:38Z</time>
			</trkpt>
			<trkpt lat="46.174421310424805" lon="7.2199273109436035">
				<ele>474.75</ele>
				<time>1970-01-01T11:00:38Z</time>
			</trkpt>
			<trkpt lat="46.174936294555664" lon="7.220656871795654">
				<ele>472.82000732421875</ele>
				<time>1970-01-01T11:01:36Z</time>
			</trkpt>
			<trkpt lat="46.174936294555664" lon="7.220656871795654">
				<ele>472.82000732421875</ele>
				<time>1970-01-01T11:01:36Z</time>
			</trkpt>
			<trkpt lat="46.17510795593262" lon="7.220871448516846">
				<ele>471.55999755859375</ele>
				<time>1970-01-01T11:01:54Z</time>
			</trkpt>
			<trkpt lat="46.17510795593262" lon="7.220871448516846">
				<ele>471.55999755859375</ele>
				<time>1970-01-01T11:01:54Z</time>
			</trkpt>
			<trkpt lat="46.17530107498169" lon="7.220957279205322">
				<ele>470.5899963378906</ele>
				<time>1970-01-01T11:02:10Z</time>
			</trkpt>
			<trkpt lat="46.17549419403076" lon="7.220871448516846">
				<ele>470.1099853515625</ele>
				<time>1970-01-01T11:02:26Z</time>
			</trkpt>
			<trkpt lat="46.17549419403076" lon="7.220871448516846">
				<ele>470.1099853515625</ele>
				<time>1970-01-01T11:02:26Z</time>
			</trkpt>
			<trkpt lat="46.1760950088501" lon="7.2200775146484375">
				<ele>472.739990234375</ele>
				<time>1970-01-01T11:03:31Z</time>
			</trkpt>
			<trkpt lat="46.176180839538574" lon="7.219970226287842">
				<ele>472.4200134277344</ele>
				<time>1970-01-01T11:03:40Z</time>
			</trkpt>
			<trkpt lat="46.176180839538574" lon="7.219970226287842">
				<ele>472.4200134277344</ele>
				<time>1970-01-01T11:03:40Z</time>
			</trkpt>
			<trkpt lat="46.176438331604004" lon="7.219648361206055">
				<ele>471.0</ele>
				<time>1970-01-01T11:04:08Z</time>
			</trkpt>
			<trkpt lat="46.17656707763672" lon="7.219476699829102">
				<ele>470.42999267578125</ele>
				<time>1970-01-01T11:04:22Z</time>
			</trkpt>
			<trkpt lat="46.17697477340698" lon="7.218940258026123">
				<ele>471.5299987792969</ele>
				<time>1970-01-01T11:05:06Z</time>
			</trkpt>
			<trkpt lat="46.177167892456055" lon="7.218682765960693">
				<ele>472.4599914550781</ele>
				<time>1970-01-01T11:05:27Z</time>
			</trkpt>
			<trkpt lat="46.17721080780029" lon="7.218596935272217">
				<ele>472.7099914550781</ele>
				<time>1970-01-01T11:05:33Z</time>
			</trkpt>
			<trkpt lat="46.17733955383301" lon="7.218468189239502">
				<ele>472.0299987792969</ele>
				<time>1970-01-01T11:05:45Z</time>
			</trkpt>
			<trkpt lat="46.17753267288208" lon="7.218296527862549">
				<ele>471.55999755859375</ele>
				<time>1970-01-01T11:06:04Z</time>
			</trkpt>
			<trkpt lat="46.17772579193115" lon="7.218189239501953">
				<ele>471.0</ele>
				<time>1970-01-01T11:06:20Z</time>
			</trkpt>
			<trkpt lat="46.17772579193115" lon="7.218189239501953">
				<ele>471.0</ele>
				<time>1970-01-01T11:06:20Z</time>
			</trkpt>
			<trkpt lat="46.17781162261963" lon="7.218167781829834">
				<ele>471.0</ele>
				<time>1970-01-01T11:06:27Z</time>
			</trkpt>
			<trkpt lat="46.17781162261963" lon="7.218167781829834">
				<ele>471.0</ele>
				<time>1970-01-01T11:06:27Z</time>
			</trkpt>
			<trkpt lat="46.178691387176514" lon="7.217931747436523">
				<ele>471.45001220703125</ele>
				<time>1970-01-01T11:07:39Z</time>
			</trkpt>
			<trkpt lat="46.178691387176514" lon="7.217931747436523">
				<ele>471.45001220703125</ele>
				<time>1970-01-01T11:07:39Z</time>
			</trkpt>
			<trkpt lat="46.17879867553711" lon="7.217910289764404">
				<ele>471.989990234375</ele>
				<time>1970-01-01T11:07:47Z</time>
			</trkpt>
			<trkpt lat="46.17879867553711" lon="7.217910289764404">
				<ele>471.989990234375</ele>
				<time>1970-01-01T11:07:47Z</time>
			</trkpt>
			<trkpt lat="46.17873430252075" lon="7.2176313400268555">
				<ele>471.760009765625</ele>
				<time>1970-01-01T11:08:04Z</time>
			</trkpt>
			<trkpt lat="46.178648471832275" lon="7.21576452255249">
				<ele>472.0799865722656</ele>
				<time>1970-01-01T11:09:47Z</time>
			</trkpt>
			<trkpt lat="46.178648471832275" lon="7.21576452255249">
				<ele>472.0799865722656</ele>
				<time>1970-01-01T11:09:47Z</time>
			</trkpt>
			<trkpt lat="46.178669929504395" lon="7.214562892913818">
				<ele>473.7099914550781</ele>
				<time>1970-01-01T11:10:54Z</time>
			</trkpt>
			<trkpt lat="46.178669929504395" lon="7.214562892913818">
				<ele>473.7099914550781</ele>
				<time>1970-01-01T11:10:54Z</time>
			</trkpt>
			<trkpt lat="46.17854118347168" lon="7.2135329246521">
				<ele>472.9200134277344</ele>
				<time>1970-01-01T11:11:52Z</time>
			</trkpt>
			<trkpt lat="46.17849826812744" lon="7.212867736816406">
				<ele>473.70001220703125</ele>
				<time>1970-01-01T11:12:29Z</time>
			</trkpt>
			<trkpt lat="46.17849826812744" lon="7.212867736816406">
				<ele>473.70001220703125</ele>
				<time>1970-01-01T11:12:29Z</time>
			</trkpt>
			<trkpt lat="46.17849826812744" lon="7.212867736816406">
				<ele>473.70001220703125</ele>
				<time>1970-01-01T11:12:29Z</time>
			</trkpt>
			<trkpt lat="46.17849826812744" lon="7.212867736816406">
				<ele>473.70001220703125</ele>
				<time>1970-01-01T11:12:29Z</time>
			</trkpt>
			<trkpt lat="46.17836952209473" lon="7.209734916687012">
				<ele>472.7699890136719</ele>
				<time>1970-01-01T11:15:23Z</time>
			</trkpt>
			<trkpt lat="46.17826223373413" lon="7.208511829376221">
				<ele>473.80999755859375</ele>
				<time>1970-01-01T11:16:32Z</time>
			</trkpt>
			<trkpt lat="46.17806911468506" lon="7.2074174880981445">
				<ele>469.8800048828125</ele>
				<time>1970-01-01T11:17:34Z</time>
			</trkpt>
			<trkpt lat="46.17806911468506" lon="7.2074174880981445">
				<ele>469.8800048828125</ele>
				<time>1970-01-01T11:17:34Z</time>
			</trkpt>
			<trkpt lat="46.17804765701294" lon="7.207374572753906">
				<ele>470.1199951171875</ele>
				<time>1970-01-01T11:17:37Z</time>
			</trkpt>
			<trkpt lat="46.17804765701294" lon="7.207374572753906">
				<ele>470.1199951171875</ele>
				<time>1970-01-01T11:17:37Z</time>
			</trkpt>
			<trkpt lat="46.17772579193115" lon="7.206151485443115">
				<ele>472.7200012207031</ele>
				<time>1970-01-01T11:18:50Z</time>
			</trkpt>
			<trkpt lat="46.17748975753784" lon="7.205507755279541">
				<ele>474.0</ele>
				<time>1970-01-01T11:19:30Z</time>
			</trkpt>
			<trkpt lat="46.177189350128174" lon="7.204735279083252">
				<ele>472.1400146484375</ele>
				<time>1970-01-01T11:20:19Z</time>
			</trkpt>
			<trkpt lat="46.177189350128174" lon="7.204735279083252">
				<ele>472.1400146484375</ele>
				<time>1970-01-01T11:20:19Z</time>
			</trkpt>
			<trkpt lat="46.17660999298096" lon="7.203640937805176">
				<ele>471.80999755859375</ele>
				<time>1970-01-01T11:21:36Z</time>
			</trkpt>
			<trkpt lat="46.17570877075195" lon="7.202203273773193">
				<ele>471.8800048828125</ele>
				<time>1970-01-01T11:23:23Z</time>
			</trkpt>
			<trkpt lat="46.17570877075195" lon="7.202203273773193">
				<ele>471.8800048828125</ele>
				<time>1970-01-01T11:23:23Z</time>
			</trkpt>
			<trkpt lat="46.175644397735596" lon="7.202117443084717">
				<ele>471.6400146484375</ele>
				<time>1970-01-01T11:23:30Z</time>
			</trkpt>
			<trkpt lat="46.17549419403076" lon="7.201859951019287">
				<ele>470.989990234375</ele>
				<time>1970-01-01T11:23:49Z</time>
			</trkpt>
			<trkpt lat="46.17547273635864" lon="7.201817035675049">
				<ele>470.8399963378906</ele>
				<time>1970-01-01T11:23:52Z</time>
			</trkpt>
			<trkpt lat="46.17534399032593" lon="7.201645374298096">
				<ele>470.2200012207031</ele>
				<time>1970-01-01T11:24:06Z</time>
			</trkpt>
			<trkpt lat="46.17527961730957" lon="7.201559543609619">
				<ele>469.9100036621094</ele>
				<time>1970-01-01T11:24:13Z</time>
			</trkpt>
			<trkpt lat="46.17527961730957" lon="7.201559543609619">
				<ele>469.9100036621094</ele>
				<time>1970-01-01T11:24:13Z</time>
			</trkpt>
			<trkpt lat="46.17521524429321" lon="7.201452255249023">
				<ele>469.5299987792969</ele>
				<time>1970-01-01T11:24:21Z</time>
			</trkpt>
			<trkpt lat="46.17521524429321" lon="7.201452255249023">
				<ele>469.5299987792969</ele>
				<time>1970-01-01T11:24:21Z</time>
			</trkpt>
			<trkpt lat="46.175172328948975" lon="7.201409339904785">
				<ele>469.42999267578125</ele>
				<time>1970-01-01T11:24:25Z</time>
			</trkpt>
			<trkpt lat="46.175172328948975" lon="7.201409339904785">
				<ele>469.42999267578125</ele>
				<time>1970-01-01T11:24:25Z</time>
			</trkpt>
			<trkpt lat="46.17510795593262" lon="7.201344966888428">
				<ele>469.4200134277344</ele>
				<time>1970-01-01T11:24:31Z</time>
			</trkpt>
			<trkpt lat="46.17510795593262" lon="7.201344966888428">
				<ele>469.4200134277344</ele>
				<time>1970-01-01T11:24:31Z</time>
			</trkpt>
			<trkpt lat="46.17450714111328" lon="7.200722694396973">
				<ele>469.3500061035156</ele>
				<time>1970-01-01T11:25:30Z</time>
			</trkpt>
			<trkpt lat="46.17373466491699" lon="7.200229167938232">
				<ele>469.3500061035156</ele>
				<time>1970-01-01T11:26:38Z</time>
			</trkpt>
			<trkpt lat="46.173198223114014" lon="7.199950218200684">
				<ele>470.2799987792969</ele>
				<time>1970-01-01T11:27:24Z</time>
			</trkpt>
			<trkpt lat="46.17246866226196" lon="7.199757099151611">
				<ele>469.0</ele>
				<time>1970-01-01T11:28:23Z</time>
			</trkpt>
			<trkpt lat="46.168928146362305" lon="7.199220657348633">
				<ele>469.5</ele>
				<time>1970-01-01T11:33:08Z</time>
			</trkpt>
			<trkpt lat="46.168928146362305" lon="7.199220657348633">
				<ele>469.5</ele>
				<time>1970-01-01T11:33:08Z</time>
			</trkpt>
			<trkpt lat="46.16772651672363" lon="7.198941707611084">
				<ele>470.489990234375</ele>
				<time>1970-01-01T11:34:46Z</time>
			</trkpt>
			<trkpt lat="46.16697549819946" lon="7.198641300201416">
				<ele>468.9599914550781</ele>
				<time>1970-01-01T11:35:48Z</time>
			</trkpt>
			<trkpt lat="46.164937019348145" lon="7.197568416595459">
				<ele>467.8999938964844</ele>
				<time>1970-01-01T11:38:42Z</time>
			</trkpt>
			<trkpt lat="46.16457223892212" lon="7.197332382202148">
				<ele>468.8999938964844</ele>
				<time>1970-01-01T11:39:14Z</time>
			</trkpt>
			<trkpt lat="46.16457223892212" lon="7.197332382202148">
				<ele>468.8999938964844</ele>
				<time>1970-01-01T11:39:14Z</time>
			</trkpt>
			<trkpt lat="46.1639928817749" lon="7.196903228759766">
				<ele>467.8699951171875</ele>
				<time>1970-01-01T11:40:06Z</time>
			</trkpt>
			<trkpt lat="46.16349935531616" lon="7.196452617645264">
				<ele>466.4700012207031</ele>
				<time>1970-01-01T11:40:53Z</time>
			</trkpt>
			<trkpt lat="46.162962913513184" lon="7.195894718170166">
				<ele>467.989990234375</ele>
				<time>1970-01-01T11:41:46Z</time>
			</trkpt>
			<trkpt lat="46.1625337600708" lon="7.195315361022949">
				<ele>468.9800109863281</ele>
				<time>1970-01-01T11:42:33Z</time>
			</trkpt>
			<trkpt lat="46.162168979644775" lon="7.194693088531494">
				<ele>468.8999938964844</ele>
				<time>1970-01-01T11:43:18Z</time>
			</trkpt>
			<trkpt lat="46.16180419921875" lon="7.193813323974609">
				<ele>467.8299865722656</ele>
				<time>1970-01-01T11:44:15Z</time>
			</trkpt>
			<trkpt lat="46.16154670715332" lon="7.192976474761963">
				<ele>467.0199890136719</ele>
				<time>1970-01-01T11:45:05Z</time>
			</trkpt>
			<trkpt lat="46.16124629974365" lon="7.19179630279541">
				<ele>467.95001220703125</ele>
				<time>1970-01-01T11:46:15Z</time>
			</trkpt>
			<trkpt lat="46.16105318069458" lon="7.190980911254883">
				<ele>466.0299987792969</ele>
				<time>1970-01-01T11:47:03Z</time>
			</trkpt>
			<trkpt lat="46.16105318069458" lon="7.190980911254883">
				<ele>466.0299987792969</ele>
				<time>1970-01-01T11:47:03Z</time>
			</trkpt>
			<trkpt lat="46.16073131561279" lon="7.1895647048950195">
				<ele>465.9800109863281</ele>
				<time>1970-01-01T11:48:26Z</time>
			</trkpt>
			<trkpt lat="46.16073131561279" lon="7.1895647048950195">
				<ele>465.9800109863281</ele>
				<time>1970-01-01T11:48:26Z</time>
			</trkpt>
			<trkpt lat="46.160688400268555" lon="7.189435958862305">
				<ele>465.82000732421875</ele>
				<time>1970-01-01T11:48:34Z</time>
			</trkpt>
			<trkpt lat="46.160688400268555" lon="7.189435958862305">
				<ele>465.82000732421875</ele>
				<time>1970-01-01T11:48:34Z</time>
			</trkpt>
			<trkpt lat="46.16073131561279" lon="7.189393043518066">
				<ele>465.9800109863281</ele>
				<time>1970-01-01T11:48:38Z</time>
			</trkpt>
			<trkpt lat="46.16073131561279" lon="7.189393043518066">
				<ele>465.9800109863281</ele>
				<time>1970-01-01T11:48:38Z</time>
			</trkpt>
			<trkpt lat="46.160666942596436" lon="7.189199924468994">
				<ele>466.0</ele>
				<time>1970-01-01T11:48:50Z</time>
			</trkpt>
			<trkpt lat="46.160666942596436" lon="7.189199924468994">
				<ele>466.0</ele>
				<time>1970-01-01T11:48:50Z</time>
			</trkpt>
			<trkpt lat="46.16060256958008" lon="7.188920974731445">
				<ele>465.42999267578125</ele>
				<time>1970-01-01T11:49:06Z</time>
			</trkpt>
			<trkpt lat="46.16060256958008" lon="7.188920974731445">
				<ele>465.42999267578125</ele>
				<time>1970-01-01T11:49:06Z</time>
			</trkpt>
			<trkpt lat="46.1605167388916" lon="7.188620567321777">
				<ele>465.0</ele>
				<time>1970-01-01T11:49:24Z</time>
			</trkpt>
			<trkpt lat="46.1605167388916" lon="7.188620567321777">
				<ele>465.0</ele>
				<time>1970-01-01T11:49:24Z</time>
			</trkpt>
			<trkpt lat="46.159958839416504" lon="7.186217308044434">
				<ele>467.80999755859375</ele>
				<time>1970-01-01T11:51:45Z</time>
			</trkpt>
			<trkpt lat="46.159958839416504" lon="7.186217308044434">
				<ele>467.80999755859375</ele>
				<time>1970-01-01T11:51:45Z</time>
			</trkpt>
			<trkpt lat="46.159508228302" lon="7.1840715408325195">
				<ele>466.8599853515625</ele>
				<time>1970-01-01T11:53:49Z</time>
			</trkpt>
			<trkpt lat="46.15922927856445" lon="7.182462215423584">
				<ele>469.0</ele>
				<time>1970-01-01T11:55:21Z</time>
			</trkpt>
			<trkpt lat="46.158692836761475" lon="7.178642749786377">
				<ele>468.739990234375</ele>
				<time>1970-01-01T11:58:57Z</time>
			</trkpt>
			<trkpt lat="46.158692836761475" lon="7.178642749786377">
				<ele>468.739990234375</ele>
				<time>1970-01-01T11:58:57Z</time>
			</trkpt>
			<trkpt lat="46.158156394958496" lon="7.17482328414917">
				<ele>467.0</ele>
				<time>1970-01-01T12:02:33Z</time>
			</trkpt>
			<trkpt lat="46.15779161453247" lon="7.172913551330566">
				<ele>467.6099853515625</ele>
				<time>1970-01-01T12:04:23Z</time>
			</trkpt>
			<trkpt lat="46.15779161453247" lon="7.172913551330566">
				<ele>467.6099853515625</ele>
				<time>1970-01-01T12:04:23Z</time>
			</trkpt>
			<trkpt lat="46.15774869918823" lon="7.172656059265137">
				<ele>467.9800109863281</ele>
				<time>1970-01-01T12:04:38Z</time>
			</trkpt>
			<trkpt lat="46.15697622299194" lon="7.169673442840576">
				<ele>469.1000061035156</ele>
				<time>1970-01-01T12:07:35Z</time>
			</trkpt>
			<trkpt lat="46.15624666213989" lon="7.167162895202637">
				<ele>464.7099914550781</ele>
				<time>1970-01-01T12:10:06Z</time>
			</trkpt>
			<trkpt lat="46.155967712402344" lon="7.1663689613342285">
				<ele>466.4800109863281</ele>
				<time>1970-01-01T12:10:55Z</time>
			</trkpt>
			<trkpt lat="46.155967712402344" lon="7.1663689613342285">
				<ele>466.4800109863281</ele>
				<time>1970-01-01T12:10:55Z</time>
			</trkpt>
			<trkpt lat="46.15575313568115" lon="7.165725231170654">
				<ele>469.7699890136719</ele>
				<time>1970-01-01T12:11:35Z</time>
			</trkpt>
			<trkpt lat="46.15575313568115" lon="7.165725231170654">
				<ele>469.7699890136719</ele>
				<time>1970-01-01T12:11:35Z</time>
			</trkpt>
			<trkpt lat="46.155710220336914" lon="7.165553569793701">
				<ele>468.6499938964844</ele>
				<time>1970-01-01T12:11:45Z</time>
			</trkpt>
			<trkpt lat="46.155710220336914" lon="7.165553569793701">
				<ele>468.6499938964844</ele>
				<time>1970-01-01T12:11:45Z</time>
			</trkpt>
			<trkpt lat="46.15562438964844" lon="7.16533899307251">
				<ele>466.6600036621094</ele>
				<time>1970-01-01T12:11:58Z</time>
			</trkpt>
			<trkpt lat="46.15562438964844" lon="7.16533899307251">
				<ele>466.6600036621094</ele>
				<time>1970-01-01T12:11:58Z</time>
			</trkpt>
			<trkpt lat="46.15562438964844" lon="7.16533899307251">
				<ele>466.6600036621094</ele>
				<time>1970-01-01T12:11:58Z</time>
			</trkpt>
			<trkpt lat="46.15504503250122" lon="7.163794040679932">
				<ele>464.9800109863281</ele>
				<time>1970-01-01T12:13:36Z</time>
			</trkpt>
			<trkpt lat="46.154529333114624" lon="7.162575125694275">
				<ele>466.29998779296875</ele>
				<time>1970-01-01T12:14:55Z</time>
			</trkpt>
			<trkpt lat="46.15453398227692" lon="7.16257107257843">
				<ele>466.260009765625</ele>
				<time>1970-01-01T12:14:56Z</time>
			</trkpt>
			<trkpt lat="46.154529333114624" lon="7.162575125694275">
				<ele>466.29998779296875</ele>
				<time>1970-01-01T12:14:56Z</time>
			</trkpt>
			<trkpt lat="46.15433692932129" lon="7.162120342254639">
				<ele>465.07000732421875</ele>
				<time>1970-01-01T12:15:26Z</time>
			</trkpt>
			<trkpt lat="46.15135431289673" lon="7.155640125274658">
				<ele>465.4200134277344</ele>
				<time>1970-01-01T12:22:37Z</time>
			</trkpt>
			<trkpt lat="46.15135431289673" lon="7.155640125274658">
				<ele>465.4200134277344</ele>
				<time>1970-01-01T12:22:37Z</time>
			</trkpt>
			<trkpt lat="46.15135431289673" lon="7.155640125274658">
				<ele>465.4200134277344</ele>
				<time>1970-01-01T12:22:37Z</time>
			</trkpt>
			<trkpt lat="46.15131139755249" lon="7.1555328369140625">
				<ele>465.20001220703125</ele>
				<time>1970-01-01T12:22:44Z</time>
			</trkpt>
			<trkpt lat="46.15101099014282" lon="7.154889106750488">
				<ele>464.9599914550781</ele>
				<time>1970-01-01T12:23:27Z</time>
			</trkpt>
			<trkpt lat="46.15101099014282" lon="7.154889106750488">
				<ele>464.9599914550781</ele>
				<time>1970-01-01T12:23:27Z</time>
			</trkpt>
			<trkpt lat="46.14933729171753" lon="7.151198387145996">
				<ele>464.3399963378906</ele>
				<time>1970-01-01T12:27:32Z</time>
			</trkpt>
			<trkpt lat="46.14933729171753" lon="7.151198387145996">
				<ele>464.3399963378906</ele>
				<time>1970-01-01T12:27:32Z</time>
			</trkpt>
			<trkpt lat="46.14901542663574" lon="7.1504902839660645">
				<ele>465.3699951171875</ele>
				<time>1970-01-01T12:28:19Z</time>
			</trkpt>
			<trkpt lat="46.14858627319336" lon="7.149267196655273">
				<ele>466.19000244140625</ele>
				<time>1970-01-01T12:29:35Z</time>
			</trkpt>
			<trkpt lat="46.14858627319336" lon="7.149267196655273">
				<ele>466.19000244140625</ele>
				<time>1970-01-01T12:29:35Z</time>
			</trkpt>
			<trkpt lat="46.148436069488525" lon="7.148945331573486">
				<ele>465.2799987792969</ele>
				<time>1970-01-01T12:29:56Z</time>
			</trkpt>
			<trkpt lat="46.14789962768555" lon="7.148044109344482">
				<ele>464.4200134277344</ele>
				<time>1970-01-01T12:31:02Z</time>
			</trkpt>
			<trkpt lat="46.14789962768555" lon="7.148044109344482">
				<ele>464.4200134277344</ele>
				<time>1970-01-01T12:31:02Z</time>
			</trkpt>
			<trkpt lat="46.146419048309326" lon="7.14486837387085">
				<ele>465.07000732421875</ele>
				<time>1970-01-01T12:34:35Z</time>
			</trkpt>
			<trkpt lat="46.146419048309326" lon="7.14486837387085">
				<ele>465.07000732421875</ele>
				<time>1970-01-01T12:34:35Z</time>
			</trkpt>
			<trkpt lat="46.14558219909668" lon="7.143044471740723">
				<ele>461.67999267578125</ele>
				<time>1970-01-01T12:36:36Z</time>
			</trkpt>
			<trkpt lat="46.14526033401489" lon="7.142293453216553">
				<ele>463.7099914550781</ele>
				<time>1970-01-01T12:37:25Z</time>
			</trkpt>
			<trkpt lat="46.14526033401489" lon="7.142293453216553">
				<ele>463.7099914550781</ele>
				<time>1970-01-01T12:37:25Z</time>
			</trkpt>
			<trkpt lat="46.14455223083496" lon="7.140791416168213">
				<ele>467.0</ele>
				<time>1970-01-01T12:39:06Z</time>
			</trkpt>
			<trkpt lat="46.14384412765503" lon="7.13937520980835">
				<ele>464.9100036621094</ele>
				<time>1970-01-01T12:40:43Z</time>
			</trkpt>
			<trkpt lat="46.142706871032715" lon="7.137293815612793">
				<ele>464.7900085449219</ele>
				<time>1970-01-01T12:43:10Z</time>
			</trkpt>
			<trkpt lat="46.142706871032715" lon="7.137293815612793">
				<ele>464.7900085449219</ele>
				<time>1970-01-01T12:43:10Z</time>
			</trkpt>
			<trkpt lat="46.14262104034424" lon="7.137165069580078">
				<ele>465.0</ele>
				<time>1970-01-01T12:43:20Z</time>
			</trkpt>
			<trkpt lat="46.14262104034424" lon="7.137165069580078">
				<ele>465.0</ele>
				<time>1970-01-01T12:43:20Z</time>
			</trkpt>
			<trkpt lat="46.13878011703491" lon="7.130899429321289">
				<ele>463.57000732421875</ele>
				<time>1970-01-01T12:51:04Z</time>
			</trkpt>
			<trkpt lat="46.13878011703491" lon="7.130899429321289">
				<ele>463.57000732421875</ele>
				<time>1970-01-01T12:51:04Z</time>
			</trkpt>
			<trkpt lat="46.13826513290405" lon="7.129955291748047">
				<ele>462.7699890136719</ele>
				<time>1970-01-01T12:52:11Z</time>
			</trkpt>
			<trkpt lat="46.13800764083862" lon="7.12937593460083">
				<ele>464.6199951171875</ele>
				<time>1970-01-01T12:52:49Z</time>
			</trkpt>
			<trkpt lat="46.137685775756836" lon="7.128560543060303">
				<ele>462.3800048828125</ele>
				<time>1970-01-01T12:53:41Z</time>
			</trkpt>
			<trkpt lat="46.137428283691406" lon="7.127745151519775">
				<ele>460.8999938964844</ele>
				<time>1970-01-01T12:54:31Z</time>
			</trkpt>
			<trkpt lat="46.13577604293823" lon="7.121715545654297">
				<ele>463.54998779296875</ele>
				<time>1970-01-01T13:00:30Z</time>
			</trkpt>
			<trkpt lat="46.13577604293823" lon="7.121715545654297">
				<ele>463.54998779296875</ele>
				<time>1970-01-01T13:00:30Z</time>
			</trkpt>
			<trkpt lat="46.13566875457764" lon="7.1212005615234375">
				<ele>463.0</ele>
				<time>1970-01-01T13:01:00Z</time>
			</trkpt>
			<trkpt lat="46.13566875457764" lon="7.1212005615234375">
				<ele>463.0</ele>
				<time>1970-01-01T13:01:00Z</time>
			</trkpt>
			<trkpt lat="46.13564729690552" lon="7.12113618850708">
				<ele>463.0</ele>
				<time>1970-01-01T13:01:04Z</time>
			</trkpt>
			<trkpt lat="46.13564729690552" lon="7.12113618850708">
				<ele>463.0</ele>
				<time>1970-01-01T13:01:04Z</time>
			</trkpt>
			<trkpt lat="46.13538980484009" lon="7.12038516998291">
				<ele>462.2300109863281</ele>
				<time>1970-01-01T13:01:51Z</time>
			</trkpt>
			<trkpt lat="46.13538980484009" lon="7.12038516998291">
				<ele>462.2300109863281</ele>
				<time>1970-01-01T13:01:51Z</time>
			</trkpt>
			<trkpt lat="46.13500356674194" lon="7.119076251983643">
				<ele>464.3699951171875</ele>
				<time>1970-01-01T13:03:10Z</time>
			</trkpt>
			<trkpt lat="46.13500356674194" lon="7.119076251983643">
				<ele>464.3699951171875</ele>
				<time>1970-01-01T13:03:10Z</time>
			</trkpt>
			<trkpt lat="46.13491773605347" lon="7.118797302246094">
				<ele>463.1199951171875</ele>
				<time>1970-01-01T13:03:27Z</time>
			</trkpt>
			<trkpt lat="46.133973598480225" lon="7.115814685821533">
				<ele>460.6499938964844</ele>
				<time>1970-01-01T13:06:29Z</time>
			</trkpt>
			<trkpt lat="46.1336088180542" lon="7.1147847175598145">
				<ele>459.9700012207031</ele>
				<time>1970-01-01T13:07:33Z</time>
			</trkpt>
			<trkpt lat="46.13064765930176" lon="7.106888294219971">
				<ele>461.19000244140625</ele>
				<time>1970-01-01T13:15:51Z</time>
			</trkpt>
			<trkpt lat="46.130454540252686" lon="7.10641622543335">
				<ele>461.5</ele>
				<time>1970-01-01T13:16:21Z</time>
			</trkpt>
			<trkpt lat="46.130454540252686" lon="7.10641622543335">
				<ele>461.5</ele>
				<time>1970-01-01T13:16:21Z</time>
			</trkpt>
			<trkpt lat="46.13030433654785" lon="7.105987071990967">
				<ele>461.5400085449219</ele>
				<time>1970-01-01T13:16:48Z</time>
			</trkpt>
			<trkpt lat="46.13030433654785" lon="7.105987071990967">
				<ele>461.5400085449219</ele>
				<time>1970-01-01T13:16:48Z</time>
			</trkpt>
			<trkpt lat="46.128737926483154" lon="7.10191011428833">
				<ele>462.55999755859375</ele>
				<time>1970-01-01T13:21:07Z</time>
			</trkpt>
			<trkpt lat="46.128737926483154" lon="7.10191011428833">
				<ele>462.55999755859375</ele>
				<time>1970-01-01T13:21:07Z</time>
			</trkpt>
			<trkpt lat="46.127943992614746" lon="7.099807262420654">
				<ele>461.0</ele>
				<time>1970-01-01T13:23:20Z</time>
			</trkpt>
			<trkpt lat="46.12730026245117" lon="7.097983360290527">
				<ele>460.8299865722656</ele>
				<time>1970-01-01T13:25:13Z</time>
			</trkpt>
			<trkpt lat="46.12691402435303" lon="7.096610069274902">
				<ele>461.4700012207031</ele>
				<time>1970-01-01T13:26:36Z</time>
			</trkpt>
			<trkpt lat="46.126463413238525" lon="7.094700336456299">
				<ele>461.010009765625</ele>
				<time>1970-01-01T13:28:28Z</time>
			</trkpt>
			<trkpt lat="46.1260986328125" lon="7.093005180358887">
				<ele>459.0</ele>
				<time>1970-01-01T13:30:06Z</time>
			</trkpt>
			<trkpt lat="46.1260986328125" lon="7.093005180358887">
				<ele>459.0</ele>
				<time>1970-01-01T13:30:06Z</time>
			</trkpt>
			<trkpt lat="46.1260986328125" lon="7.093005180358887">
				<ele>459.0</ele>
				<time>1970-01-01T13:30:06Z</time>
			</trkpt>
			<trkpt lat="46.125619411468506" lon="7.09092652797699">
				<ele>461.79998779296875</ele>
				<time>1970-01-01T13:32:08Z</time>
			</trkpt>
			<trkpt lat="46.125630617141724" lon="7.09092116355896">
				<ele>461.7200012207031</ele>
				<time>1970-01-01T13:32:09Z</time>
			</trkpt>
			<trkpt lat="46.125619411468506" lon="7.09092652797699">
				<ele>461.79998779296875</ele>
				<time>1970-01-01T13:32:10Z</time>
			</trkpt>
			<trkpt lat="46.1246395111084" lon="7.08667516708374">
				<ele>460.9200134277344</ele>
				<time>1970-01-01T13:36:18Z</time>
			</trkpt>
			<trkpt lat="46.1246395111084" lon="7.08667516708374">
				<ele>460.9200134277344</ele>
				<time>1970-01-01T13:36:18Z</time>
			</trkpt>
			<trkpt lat="46.124489307403564" lon="7.086117267608643">
				<ele>462.6600036621094</ele>
				<time>1970-01-01T13:36:51Z</time>
			</trkpt>
			<trkpt lat="46.124489307403564" lon="7.086117267608643">
				<ele>462.6600036621094</ele>
				<time>1970-01-01T13:36:51Z</time>
			</trkpt>
			<trkpt lat="46.12440347671509" lon="7.085816860198975">
				<ele>463.8800048828125</ele>
				<time>1970-01-01T13:37:09Z</time>
			</trkpt>
			<trkpt lat="46.12442493438721" lon="7.08568811416626">
				<ele>463.8900146484375</ele>
				<time>1970-01-01T13:37:17Z</time>
			</trkpt>
			<trkpt lat="46.12442493438721" lon="7.08568811416626">
				<ele>463.8900146484375</ele>
				<time>1970-01-01T13:37:17Z</time>
			</trkpt>
			<trkpt lat="46.1245322227478" lon="7.085623741149902">
				<ele>463.6300048828125</ele>
				<time>1970-01-01T13:37:26Z</time>
			</trkpt>
			<trkpt lat="46.124746799468994" lon="7.08568811416626">
				<ele>463.30999755859375</ele>
				<time>1970-01-01T13:37:44Z</time>
			</trkpt>
			<trkpt lat="46.124746799468994" lon="7.08568811416626">
				<ele>463.30999755859375</ele>
				<time>1970-01-01T13:37:44Z</time>
			</trkpt>
			<trkpt lat="46.12478971481323" lon="7.085838317871094">
				<ele>463.3800048828125</ele>
				<time>1970-01-01T13:37:53Z</time>
			</trkpt>
			<trkpt lat="46.12476825714111" lon="7.085967063903809">
				<ele>463.4599914550781</ele>
				<time>1970-01-01T13:38:00Z</time>
			</trkpt>
			<trkpt lat="46.124725341796875" lon="7.086074352264404">
				<ele>463.04998779296875</ele>
				<time>1970-01-01T13:38:07Z</time>
			</trkpt>
			<trkpt lat="46.12455368041992" lon="7.086203098297119">
				<ele>462.2799987792969</ele>
				<time>1970-01-01T13:38:22Z</time>
			</trkpt>
			<trkpt lat="46.12455368041992" lon="7.086203098297119">
				<ele>462.2799987792969</ele>
				<time>1970-01-01T13:38:22Z</time>
			</trkpt>
			<trkpt lat="46.12433910369873" lon="7.086288928985596">
				<ele>461.95001220703125</ele>
				<time>1970-01-01T13:38:40Z</time>
			</trkpt>
			<trkpt lat="46.1236310005188" lon="7.086396217346191">
				<ele>459.0</ele>
				<time>1970-01-01T13:39:37Z</time>
			</trkpt>
			<trkpt lat="46.12339496612549" lon="7.086331844329834">
				<ele>459.0</ele>
				<time>1970-01-01T13:39:56Z</time>
			</trkpt>
			<trkpt lat="46.12339496612549" lon="7.086331844329834">
				<ele>459.0</ele>
				<time>1970-01-01T13:39:56Z</time>
			</trkpt>
			<trkpt lat="46.1231803894043" lon="7.086181640625">
				<ele>459.0</ele>
				<time>1970-01-01T13:40:16Z</time>
			</trkpt>
			<trkpt lat="46.1231803894043" lon="7.086181640625">
				<ele>459.0</ele>
				<time>1970-01-01T13:40:16Z</time>
			</trkpt>
			<trkpt lat="46.12227916717529" lon="7.0851945877075195">
				<ele>459.0</ele>
				<time>1970-01-01T13:41:46Z</time>
			</trkpt>
			<trkpt lat="46.12227916717529" lon="7.0851945877075195">
				<ele>459.0</ele>
				<time>1970-01-01T13:41:46Z</time>
			</trkpt>
			<trkpt lat="46.12178564071655" lon="7.084701061248779">
				<ele>461.20001220703125</ele>
				<time>1970-01-01T13:42:34Z</time>
			</trkpt>
			<trkpt lat="46.12178564071655" lon="7.084701061248779">
				<ele>461.20001220703125</ele>
				<time>1970-01-01T13:42:34Z</time>
			</trkpt>
			<trkpt lat="46.121485233306885" lon="7.084400653839111">
				<ele>462.0</ele>
				<time>1970-01-01T13:43:04Z</time>
			</trkpt>
			<trkpt lat="46.121485233306885" lon="7.084400653839111">
				<ele>462.0</ele>
				<time>1970-01-01T13:43:04Z</time>
			</trkpt>
			<trkpt lat="46.12144231796265" lon="7.084357738494873">
				<ele>462.0</ele>
				<time>1970-01-01T13:43:08Z</time>
			</trkpt>
			<trkpt lat="46.12144231796265" lon="7.084357738494873">
				<ele>462.0</ele>
				<time>1970-01-01T13:43:08Z</time>
			</trkpt>
			<trkpt lat="46.12002611160278" lon="7.08294153213501">
				<ele>461.0</ele>
				<time>1970-01-01T13:45:26Z</time>
			</trkpt>
			<trkpt lat="46.11987590789795" lon="7.0827484130859375">
				<ele>461.0</ele>
				<time>1970-01-01T13:45:42Z</time>
			</trkpt>
			<trkpt lat="46.11987590789795" lon="7.0827484130859375">
				<ele>461.0</ele>
				<time>1970-01-01T13:45:42Z</time>
			</trkpt>
			<trkpt lat="46.11981153488159" lon="7.082662582397461">
				<ele>461.0</ele>
				<time>1970-01-01T13:45:49Z</time>
			</trkpt>
			<trkpt lat="46.11976861953735" lon="7.082619667053223">
				<ele>460.8500061035156</ele>
				<time>1970-01-01T13:45:53Z</time>
			</trkpt>
			<trkpt lat="46.11762285232544" lon="7.0804524421691895">
				<ele>460.0</ele>
				<time>1970-01-01T13:49:23Z</time>
			</trkpt>
			<trkpt lat="46.11730098724365" lon="7.079980373382568">
				<ele>460.67999267578125</ele>
				<time>1970-01-01T13:50:00Z</time>
			</trkpt>
			<trkpt lat="46.116957664489746" lon="7.079787254333496">
				<ele>460.30999755859375</ele>
				<time>1970-01-01T13:50:29Z</time>
			</trkpt>
			<trkpt lat="46.11618518829346" lon="7.079057693481445">
				<ele>462.0</ele>
				<time>1970-01-01T13:51:43Z</time>
			</trkpt>
			<trkpt lat="46.11594915390015" lon="7.0786285400390625">
				<ele>461.4800109863281</ele>
				<time>1970-01-01T13:52:13Z</time>
			</trkpt>
			<trkpt lat="46.11579895019531" lon="7.078456878662109">
				<ele>460.8699951171875</ele>
				<time>1970-01-01T13:52:29Z</time>
			</trkpt>
			<trkpt lat="46.11569166183472" lon="7.078392505645752">
				<ele>460.8800048828125</ele>
				<time>1970-01-01T13:52:38Z</time>
			</trkpt>
			<trkpt lat="46.11560583114624" lon="7.078413963317871">
				<ele>461.44000244140625</ele>
				<time>1970-01-01T13:52:45Z</time>
			</trkpt>
			<trkpt lat="46.11560583114624" lon="7.078413963317871">
				<ele>461.44000244140625</ele>
				<time>1970-01-01T13:52:45Z</time>
			</trkpt>
			<trkpt lat="46.115498542785645" lon="7.078521251678467">
				<ele>461.9200134277344</ele>
				<time>1970-01-01T13:52:55Z</time>
			</trkpt>
			<trkpt lat="46.11519813537598" lon="7.078220844268799">
				<ele>462.0</ele>
				<time>1970-01-01T13:53:25Z</time>
			</trkpt>
			<trkpt lat="46.11519813537598" lon="7.078220844268799">
				<ele>462.0</ele>
				<time>1970-01-01T13:53:25Z</time>
			</trkpt>
			<trkpt lat="46.11485481262207" lon="7.077856063842773">
				<ele>463.1400146484375</ele>
				<time>1970-01-01T13:53:59Z</time>
			</trkpt>
			<trkpt lat="46.11485481262207" lon="7.077856063842773">
				<ele>463.1400146484375</ele>
				<time>1970-01-01T13:53:59Z</time>
			</trkpt>
			<trkpt lat="46.114661693573" lon="7.077641487121582">
				<ele>463.760009765625</ele>
				<time>1970-01-01T13:54:18Z</time>
			</trkpt>
			<trkpt lat="46.114661693573" lon="7.077641487121582">
				<ele>463.760009765625</ele>
				<time>1970-01-01T13:54:18Z</time>
			</trkpt>
			<trkpt lat="46.11453294754028" lon="7.077491283416748">
				<ele>463.69000244140625</ele>
				<time>1970-01-01T13:54:32Z</time>
			</trkpt>
			<trkpt lat="46.11453294754028" lon="7.077491283416748">
				<ele>463.69000244140625</ele>
				<time>1970-01-01T13:54:32Z</time>
			</trkpt>
			<trkpt lat="46.11440420150757" lon="7.077362537384033">
				<ele>463.6199951171875</ele>
				<time>1970-01-01T13:54:44Z</time>
			</trkpt>
			<trkpt lat="46.11440420150757" lon="7.077362537384033">
				<ele>463.6199951171875</ele>
				<time>1970-01-01T13:54:44Z</time>
			</trkpt>
			<trkpt lat="46.11438274383545" lon="7.077341079711914">
				<ele>463.5299987792969</ele>
				<time>1970-01-01T13:54:46Z</time>
			</trkpt>
			<trkpt lat="46.11438274383545" lon="7.077341079711914">
				<ele>463.5299987792969</ele>
				<time>1970-01-01T13:54:46Z</time>
			</trkpt>
			<trkpt lat="46.11427545547485" lon="7.0772552490234375">
				<ele>463.29998779296875</ele>
				<time>1970-01-01T13:54:56Z</time>
			</trkpt>
			<trkpt lat="46.11427545547485" lon="7.0772552490234375">
				<ele>463.29998779296875</ele>
				<time>1970-01-01T13:54:56Z</time>
			</trkpt>
			<trkpt lat="46.11382484436035" lon="7.076890468597412">
				<ele>462.2300109863281</ele>
				<time>1970-01-01T13:55:37Z</time>
			</trkpt>
			<trkpt lat="46.113739013671875" lon="7.076847553253174">
				<ele>462.2300109863281</ele>
				<time>1970-01-01T13:55:45Z</time>
			</trkpt>
			<trkpt lat="46.11361026763916" lon="7.076740264892578">
				<ele>462.92999267578125</ele>
				<time>1970-01-01T13:55:57Z</time>
			</trkpt>
			<trkpt lat="46.11361026763916" lon="7.076740264892578">
				<ele>462.92999267578125</ele>
				<time>1970-01-01T13:55:57Z</time>
			</trkpt>
			<trkpt lat="46.113460063934326" lon="7.076590061187744">
				<ele>464.010009765625</ele>
				<time>1970-01-01T13:56:11Z</time>
			</trkpt>
			<trkpt lat="46.1126446723938" lon="7.076268196105957">
				<ele>465.1000061035156</ele>
				<time>1970-01-01T13:57:19Z</time>
			</trkpt>
			<trkpt lat="46.11189365386963" lon="7.07594633102417">
				<ele>467.8299865722656</ele>
				<time>1970-01-01T13:58:22Z</time>
			</trkpt>
			<trkpt lat="46.11189365386963" lon="7.07594633102417">
				<ele>467.8299865722656</ele>
				<time>1970-01-01T13:58:22Z</time>
			</trkpt>
			<trkpt lat="46.111743450164795" lon="7.075967788696289">
				<ele>467.3299865722656</ele>
				<time>1970-01-01T13:58:34Z</time>
			</trkpt>
			<trkpt lat="46.11157178878784" lon="7.076096534729004">
				<ele>466.4200134277344</ele>
				<time>1970-01-01T13:58:49Z</time>
			</trkpt>
			<trkpt lat="46.11157178878784" lon="7.076096534729004">
				<ele>466.4200134277344</ele>
				<time>1970-01-01T13:58:49Z</time>
			</trkpt>
			<trkpt lat="46.111271381378174" lon="7.076375484466553">
				<ele>465.54998779296875</ele>
				<time>1970-01-01T13:59:18Z</time>
			</trkpt>
			<trkpt lat="46.1111855506897" lon="7.076525688171387">
				<ele>464.4100036621094</ele>
				<time>1970-01-01T13:59:29Z</time>
			</trkpt>
			<trkpt lat="46.1111855506897" lon="7.076525688171387">
				<ele>464.4100036621094</ele>
				<time>1970-01-01T13:59:29Z</time>
			</trkpt>
			<trkpt lat="46.111013889312744" lon="7.07669734954834">
				<ele>462.510009765625</ele>
				<time>1970-01-01T13:59:45Z</time>
			</trkpt>
			<trkpt lat="46.11092805862427" lon="7.076740264892578">
				<ele>461.7699890136719</ele>
				<time>1970-01-01T13:59:53Z</time>
			</trkpt>
			<trkpt lat="46.11092805862427" lon="7.076740264892578">
				<ele>461.7699890136719</ele>
				<time>1970-01-01T13:59:53Z</time>
			</trkpt>
			<trkpt lat="46.11090660095215" lon="7.07669734954834">
				<ele>461.7900085449219</ele>
				<time>1970-01-01T13:59:56Z</time>
			</trkpt>
			<trkpt lat="46.11090660095215" lon="7.07669734954834">
				<ele>461.7900085449219</ele>
				<time>1970-01-01T13:59:56Z</time>
			</trkpt>
			<trkpt lat="46.11084222793579" lon="7.076718807220459">
				<ele>461.239990234375</ele>
				<time>1970-01-01T14:00:01Z</time>
			</trkpt>
			<trkpt lat="46.11084222793579" lon="7.076718807220459">
				<ele>461.239990234375</ele>
				<time>1970-01-01T14:00:01Z</time>
			</trkpt>
			<trkpt lat="46.11082077026367" lon="7.076783180236816">
				<ele>460.8500061035156</ele>
				<time>1970-01-01T14:00:05Z</time>
			</trkpt>
			<trkpt lat="46.11082077026367" lon="7.076783180236816">
				<ele>460.8500061035156</ele>
				<time>1970-01-01T14:00:05Z</time>
			</trkpt>
			<trkpt lat="46.11058473587036" lon="7.0768046379089355">
				<ele>461.010009765625</ele>
				<time>1970-01-01T14:00:24Z</time>
			</trkpt>
			<trkpt lat="46.11058473587036" lon="7.0768046379089355">
				<ele>461.010009765625</ele>
				<time>1970-01-01T14:00:24Z</time>
			</trkpt>
			<trkpt lat="46.11037015914917" lon="7.0768046379089355">
				<ele>462.4700012207031</ele>
				<time>1970-01-01T14:00:41Z</time>
			</trkpt>
			<trkpt lat="46.11037015914917" lon="7.0768046379089355">
				<ele>462.4700012207031</ele>
				<time>1970-01-01T14:00:41Z</time>
			</trkpt>
			<trkpt lat="46.11034870147705" lon="7.076783180236816">
				<ele>462.55999755859375</ele>
				<time>1970-01-01T14:00:43Z</time>
			</trkpt>
			<trkpt lat="46.11028432846069" lon="7.076783180236816">
				<ele>463.0299987792969</ele>
				<time>1970-01-01T14:00:48Z</time>
			</trkpt>
			<trkpt lat="46.110219955444336" lon="7.076826095581055">
				<ele>463.6199951171875</ele>
				<time>1970-01-01T14:00:54Z</time>
			</trkpt>
			<trkpt lat="46.11019849777222" lon="7.076847553253174">
				<ele>463.7099914550781</ele>
				<time>1970-01-01T14:00:56Z</time>
			</trkpt>
			<trkpt lat="46.11019849777222" lon="7.076847553253174">
				<ele>463.7099914550781</ele>
				<time>1970-01-01T14:00:56Z</time>
			</trkpt>
			<trkpt lat="46.1100697517395" lon="7.076890468597412">
				<ele>464.0</ele>
				<time>1970-01-01T14:01:07Z</time>
			</trkpt>
			<trkpt lat="46.1100697517395" lon="7.076890468597412">
				<ele>464.0</ele>
				<time>1970-01-01T14:01:07Z</time>
			</trkpt>
			<trkpt lat="46.11004829406738" lon="7.076976299285889">
				<ele>464.0</ele>
				<time>1970-01-01T14:01:12Z</time>
			</trkpt>
			<trkpt lat="46.11004829406738" lon="7.076976299285889">
				<ele>464.0</ele>
				<time>1970-01-01T14:01:12Z</time>
			</trkpt>
			<trkpt lat="46.11004829406738" lon="7.077083587646484">
				<ele>464.3699951171875</ele>
				<time>1970-01-01T14:01:18Z</time>
			</trkpt>
			<trkpt lat="46.11004829406738" lon="7.077083587646484">
				<ele>464.3699951171875</ele>
				<time>1970-01-01T14:01:18Z</time>
			</trkpt>
			<trkpt lat="46.10985517501831" lon="7.077019214630127">
				<ele>464.82000732421875</ele>
				<time>1970-01-01T14:01:34Z</time>
			</trkpt>
			<trkpt lat="46.10985517501831" lon="7.077019214630127">
				<ele>464.82000732421875</ele>
				<time>1970-01-01T14:01:34Z</time>
			</trkpt>
			<trkpt lat="46.10979080200195" lon="7.076997756958008">
				<ele>464.9800109863281</ele>
				<time>1970-01-01T14:01:39Z</time>
			</trkpt>
			<trkpt lat="46.10979080200195" lon="7.076997756958008">
				<ele>464.9800109863281</ele>
				<time>1970-01-01T14:01:39Z</time>
			</trkpt>
			<trkpt lat="46.10957622528076" lon="7.07693338394165">
				<ele>465.0</ele>
				<time>1970-01-01T14:01:56Z</time>
			</trkpt>
			<trkpt lat="46.10955476760864" lon="7.076869010925293">
				<ele>465.0</ele>
				<time>1970-01-01T14:02:00Z</time>
			</trkpt>
			<trkpt lat="46.108524799346924" lon="7.076568603515625">
				<ele>465.0</ele>
				<time>1970-01-01T14:03:25Z</time>
			</trkpt>
			<trkpt lat="46.108524799346924" lon="7.076568603515625">
				<ele>465.0</ele>
				<time>1970-01-01T14:03:25Z</time>
			</trkpt>
			<trkpt lat="46.10813856124878" lon="7.07643985748291">
				<ele>465.0</ele>
				<time>1970-01-01T14:03:56Z</time>
			</trkpt>
			<trkpt lat="46.10807418823242" lon="7.076418399810791">
				<ele>465.0</ele>
				<time>1970-01-01T14:04:02Z</time>
			</trkpt>
			<trkpt lat="46.1076021194458" lon="7.076289653778076">
				<ele>465.760009765625</ele>
				<time>1970-01-01T14:04:40Z</time>
			</trkpt>
			<trkpt lat="46.10710859298706" lon="7.076160907745361">
				<ele>463.2200012207031</ele>
				<time>1970-01-01T14:05:20Z</time>
			</trkpt>
			<trkpt lat="46.10710859298706" lon="7.076160907745361">
				<ele>463.2200012207031</ele>
				<time>1970-01-01T14:05:20Z</time>
			</trkpt>
			<trkpt lat="46.1070442199707" lon="7.0762038230896">
				<ele>463.75</ele>
				<time>1970-01-01T14:05:26Z</time>
			</trkpt>
			<trkpt lat="46.1070442199707" lon="7.0762038230896">
				<ele>463.75</ele>
				<time>1970-01-01T14:05:26Z</time>
			</trkpt>
			<trkpt lat="46.1070442199707" lon="7.0762038230896">
				<ele>463.75</ele>
				<time>1970-01-01T14:05:26Z</time>
			</trkpt>
			<trkpt lat="46.107001304626465" lon="7.0761823654174805">
				<ele>463.6000061035156</ele>
				<time>1970-01-01T14:05:29Z</time>
			</trkpt>
			<trkpt lat="46.107001304626465" lon="7.0761823654174805">
				<ele>463.6000061035156</ele>
				<time>1970-01-01T14:05:29Z</time>
			</trkpt>
			<trkpt lat="46.10693693161011" lon="7.076568603515625">
				<ele>464.7699890136719</ele>
				<time>1970-01-01T14:05:52Z</time>
			</trkpt>
			<trkpt lat="46.10682964324951" lon="7.076890468597412">
				<ele>465.25</ele>
				<time>1970-01-01T14:06:11Z</time>
			</trkpt>
			<trkpt lat="46.10682964324951" lon="7.076890468597412">
				<ele>465.25</ele>
				<time>1970-01-01T14:06:11Z</time>
			</trkpt>
			<trkpt lat="46.106743812561035" lon="7.077040672302246">
				<ele>465.8999938964844</ele>
				<time>1970-01-01T14:06:22Z</time>
			</trkpt>
			<trkpt lat="46.106743812561035" lon="7.077040672302246">
				<ele>465.8999938964844</ele>
				<time>1970-01-01T14:06:22Z</time>
			</trkpt>
			<trkpt lat="46.10644340515137" lon="7.077641487121582">
				<ele>465.0</ele>
				<time>1970-01-01T14:07:03Z</time>
			</trkpt>
			<trkpt lat="46.10644340515137" lon="7.077641487121582">
				<ele>465.0</ele>
				<time>1970-01-01T14:07:03Z</time>
			</trkpt>
			<trkpt lat="46.10637903213501" lon="7.077620029449463">
				<ele>465.0</ele>
				<time>1970-01-01T14:07:09Z</time>
			</trkpt>
			<trkpt lat="46.10637903213501" lon="7.077620029449463">
				<ele>465.0</ele>
				<time>1970-01-01T14:07:09Z</time>
			</trkpt>
			<trkpt lat="46.10629320144653" lon="7.077598571777344">
				<ele>465.0</ele>
				<time>1970-01-01T14:07:16Z</time>
			</trkpt>
			<trkpt lat="46.106250286102295" lon="7.077598571777344">
				<ele>465.1000061035156</ele>
				<time>1970-01-01T14:07:19Z</time>
			</trkpt>
			<trkpt lat="46.106250286102295" lon="7.077598571777344">
				<ele>465.1000061035156</ele>
				<time>1970-01-01T14:07:19Z</time>
			</trkpt>
			<trkpt lat="46.10605716705322" lon="7.077534198760986">
				<ele>465.79998779296875</ele>
				<time>1970-01-01T14:07:35Z</time>
			</trkpt>
			<trkpt lat="46.10588550567627" lon="7.077362537384033">
				<ele>466.9200134277344</ele>
				<time>1970-01-01T14:07:52Z</time>
			</trkpt>
			<trkpt lat="46.10588550567627" lon="7.077362537384033">
				<ele>466.9200134277344</ele>
				<time>1970-01-01T14:07:52Z</time>
			</trkpt>
			<trkpt lat="46.105778217315674" lon="7.077319622039795">
				<ele>467.8399963378906</ele>
				<time>1970-01-01T14:08:01Z</time>
			</trkpt>
			<trkpt lat="46.105778217315674" lon="7.077319622039795">
				<ele>467.8399963378906</ele>
				<time>1970-01-01T14:08:01Z</time>
			</trkpt>
			<trkpt lat="46.105756759643555" lon="7.077319622039795">
				<ele>467.9800109863281</ele>
				<time>1970-01-01T14:08:02Z</time>
			</trkpt>
			<trkpt lat="46.105756759643555" lon="7.077319622039795">
				<ele>467.9800109863281</ele>
				<time>1970-01-01T14:08:02Z</time>
			</trkpt>
			<trkpt lat="46.105756759643555" lon="7.077383995056152">
				<ele>467.75</ele>
				<time>1970-01-01T14:08:06Z</time>
			</trkpt>
			<trkpt lat="46.105756759643555" lon="7.077383995056152">
				<ele>467.75</ele>
				<time>1970-01-01T14:08:06Z</time>
			</trkpt>
			<trkpt lat="46.10582113265991" lon="7.07744836807251">
				<ele>467.30999755859375</ele>
				<time>1970-01-01T14:08:12Z</time>
			</trkpt>
			<trkpt lat="46.10584259033203" lon="7.077598571777344">
				<ele>467.1499938964844</ele>
				<time>1970-01-01T14:08:21Z</time>
			</trkpt>
			<trkpt lat="46.105713844299316" lon="7.078413963317871">
				<ele>468.8699951171875</ele>
				<time>1970-01-01T14:09:07Z</time>
			</trkpt>
			<trkpt lat="46.10564947128296" lon="7.078564167022705">
				<ele>469.54998779296875</ele>
				<time>1970-01-01T14:09:17Z</time>
			</trkpt>
			<trkpt lat="46.10564947128296" lon="7.078564167022705">
				<ele>469.54998779296875</ele>
				<time>1970-01-01T14:09:17Z</time>
			</trkpt>
			<trkpt lat="46.1055850982666" lon="7.07869291305542">
				<ele>470.010009765625</ele>
				<time>1970-01-01T14:09:26Z</time>
			</trkpt>
			<trkpt lat="46.1055850982666" lon="7.07869291305542">
				<ele>470.010009765625</ele>
				<time>1970-01-01T14:09:26Z</time>
			</trkpt>
			<trkpt lat="46.10567378997803" lon="7.078905701637268">
				<ele>469.3500061035156</ele>
				<time>1970-01-01T14:09:39Z</time>
			</trkpt>
			<trkpt lat="46.105682253837585" lon="7.0788984298706055">
				<ele>469.29998779296875</ele>
				<time>1970-01-01T14:09:40Z</time>
			</trkpt>
		</trkseg>
	</trk>
</gpx>
